school,sex,age,city,fam_size,medu,fedu,mjob,fjob,famrel,reason,traveltime,studytime_daily_hrs,coaching,activities,higher,romantic,freetime,health,absences,lecture_hrs_attended,prev_cgpa,math_score,physics_score,programming_score,electronics_score,english_score,final_cgpa
2,1,22,3,0,1,1,7,7,5,1,1,0.7,1,1,1,1,5,4,14,2.7,5.67,63.5,29.3,59.1,60.8,54.2,4.58
6,1,17,2,0,2,2,1,2,4,3,1,7.8,0,1,0,0,5,2,4,0.3,5.37,55.4,59.9,62.4,64.2,62.3,5.94
6,1,19,1,0,2,0,0,4,2,1,4,2.5,1,0,1,1,1,3,25,1.6,5.27,69.0,30.8,40.3,61.9,32.6,4.0
5,1,19,5,0,4,4,1,5,5,1,3,2.1,1,0,1,1,1,2,40,1.0,8.08,30.6,32.7,35.9,34.1,49.9,4.0
3,1,22,9,1,2,0,1,5,2,1,1,7.7,0,1,1,0,5,5,12,0.9,8.58,35.7,51.8,63.9,60.2,66.4,5.96
6,0,18,4,0,4,0,7,6,1,3,2,1.5,0,1,0,0,2,5,12,4.3,6.39,43.2,36.5,65.2,41.6,57.7,4.68
3,1,21,8,0,0,0,4,7,1,2,1,4.4,0,0,1,1,5,5,30,1.5,6.84,39.5,45.9,43.6,34.7,35.8,4.0
3,1,17,2,1,0,1,4,4,5,1,2,3.7,0,0,1,1,4,5,6,0.3,10.0,73.7,23.3,80.6,43.6,68.5,6.02
0,0,17,5,1,0,3,1,6,3,1,4,1.7,0,1,1,1,3,1,3,3.5,7.02,55.6,42.6,60.5,50.3,64.0,5.37
0,0,17,6,0,4,4,2,7,4,5,3,7.5,1,0,1,0,4,2,19,2.7,9.57,63.8,59.4,55.9,50.6,80.1,6.8
7,1,19,0,0,2,2,0,6,5,5,3,5.1,1,0,1,1,3,1,6,4.5,4.93,55.5,64.2,52.4,76.3,72.6,5.88
7,1,17,2,1,0,0,3,0,3,0,4,4.6,0,1,1,1,2,5,2,5.0,7.5,64.0,63.1,55.4,88.6,73.3,6.49
6,1,22,8,0,2,4,5,0,2,0,2,7.1,1,1,0,0,2,3,10,4.7,4.65,79.1,39.4,68.7,86.3,59.6,6.32
0,1,17,8,1,2,2,7,1,3,5,4,5.6,0,1,1,0,2,5,16,0.2,7.58,38.3,69.0,25.4,68.9,76.2,5.5
0,0,17,2,0,4,4,4,3,4,4,3,5.2,1,0,0,0,3,4,18,3.3,5.15,47.1,41.1,59.0,46.4,52.8,4.81
3,0,19,8,1,4,4,3,6,4,1,2,4.3,1,1,0,0,1,2,19,1.3,5.19,59.8,48.9,31.3,54.7,66.7,4.65
0,0,20,2,0,1,0,7,5,2,0,4,0.9,1,1,0,1,4,5,35,3.6,9.7,59.2,30.9,46.5,28.9,58.3,4.14
1,0,20,3,0,2,4,6,4,3,1,1,5.9,1,0,0,0,5,1,8,0.9,6.3,60.4,60.2,50.6,62.2,59.3,5.53
4,0,23,6,0,4,3,6,2,3,2,4,6.9,0,1,0,1,3,4,31,0.2,6.02,40.9,33.1,58.9,61.6,64.8,4.76
3,0,21,6,0,0,3,0,6,2,4,3,3.3,1,0,0,0,4,3,26,1.5,4.49,59.6,42.3,58.4,43.3,40.1,4.0
3,1,18,8,0,4,1,4,0,4,5,1,4.7,1,0,0,0,2,5,38,5.8,8.31,55.9,44.8,53.6,72.5,74.3,5.76
4,0,22,8,0,4,1,7,1,5,4,1,3.1,0,0,1,0,1,4,31,0.6,9.76,30.5,27.4,49.4,34.3,53.1,4.0
7,0,20,2,1,2,1,7,1,4,0,4,4.8,0,0,1,0,3,2,31,1.3,8.79,32.3,68.4,49.9,38.0,80.0,5.05
2,1,22,2,1,4,1,6,6,4,4,1,2.7,0,1,0,0,4,5,33,2.1,9.98,35.9,42.5,43.4,52.7,58.2,4.93
6,1,22,9,0,1,1,6,1,5,3,3,7.9,1,0,1,0,2,3,0,4.2,4.76,68.9,63.7,61.9,97.9,61.6,6.69
2,1,21,3,1,3,3,3,0,1,2,4,1.4,1,0,0,1,5,1,9,0.9,7.38,30.8,82.8,65.6,62.7,39.7,4.69
0,0,20,7,1,4,3,1,2,5,5,1,7.6,1,1,0,1,2,2,11,3.3,4.94,42.1,68.9,62.0,61.8,66.1,6.07
5,1,22,8,1,4,1,5,7,5,0,2,7.3,1,1,1,1,3,5,36,5.5,6.63,46.3,58.2,55.2,65.4,55.6,5.69
3,0,22,1,1,0,0,4,2,3,3,1,6.2,1,0,0,0,2,5,27,3.8,6.95,65.2,58.8,50.4,73.4,67.9,5.71
5,0,22,2,0,3,0,3,1,3,4,4,7.0,1,0,0,1,2,5,23,3.7,6.99,52.0,55.8,60.6,64.6,59.4,6.15
5,1,17,6,0,1,2,2,5,1,0,1,4.0,1,1,0,0,5,3,26,5.0,9.88,55.9,69.6,40.0,77.3,42.6,5.86
2,0,23,2,1,4,2,2,1,3,3,4,7.0,0,0,0,0,5,5,24,2.7,5.93,61.2,69.7,50.2,49.6,61.6,5.44
5,0,20,5,1,0,1,3,7,4,4,4,0.6,1,0,1,1,4,3,21,3.7,6.38,55.7,48.4,43.0,30.4,66.2,4.16
5,1,21,0,0,2,1,7,5,1,5,1,3.8,0,1,1,0,1,3,22,2.2,4.87,28.1,40.5,52.7,38.6,71.6,4.09
0,0,21,5,0,3,2,6,1,1,1,3,5.6,1,1,0,0,5,3,40,5.8,8.14,41.3,53.6,81.2,53.6,68.4,5.81
6,0,22,3,0,3,2,2,2,5,5,4,6.7,0,1,0,1,2,5,16,4.1,8.33,45.7,37.3,47.2,39.3,62.9,5.57
5,1,21,1,0,0,2,3,5,2,0,2,6.4,0,0,1,0,4,3,21,4.8,6.81,76.6,63.7,63.5,77.5,59.2,6.19
6,1,23,2,0,2,4,7,6,3,5,3,4.9,0,1,1,0,1,5,35,2.0,7.66,36.4,31.5,35.1,54.2,53.4,4.18
3,1,19,7,0,0,1,0,5,4,2,4,4.9,1,0,1,0,5,4,17,0.2,6.22,20.0,58.6,57.9,45.5,52.6,4.22
6,1,20,3,0,0,3,7,4,5,4,1,6.4,1,1,1,1,5,2,37,1.3,9.22,48.0,56.2,57.5,52.1,63.2,5.3
1,0,23,5,0,0,1,2,3,2,3,3,0.6,0,1,1,0,5,1,4,2.9,8.67,42.9,47.1,25.7,49.8,74.5,4.88
7,0,22,4,0,3,3,5,7,4,5,4,1.1,1,0,1,1,2,3,39,3.8,7.29,22.0,78.0,34.6,40.6,46.9,4.0
2,1,20,7,0,3,2,6,5,4,5,1,2.8,0,0,0,1,4,1,5,5.0,4.56,71.0,62.3,62.9,36.6,49.1,5.07
6,1,20,1,1,0,2,1,3,1,3,2,1.7,0,1,1,0,5,3,7,4.6,7.44,61.8,26.8,79.2,49.2,49.4,5.06
3,0,17,5,1,2,2,3,2,2,0,4,1.0,1,1,1,0,4,4,21,0.9,5.87,27.3,67.9,26.8,26.8,59.7,4.0
3,1,19,7,1,3,4,6,5,3,0,1,3.1,1,0,0,0,1,2,25,5.9,4.33,59.4,77.9,57.1,27.2,56.6,4.9
5,0,18,5,1,4,1,3,7,4,5,1,3.8,0,1,0,0,5,4,40,2.5,4.69,54.3,41.5,52.3,24.6,61.1,4.0
2,0,23,0,0,3,4,5,7,4,2,3,2.2,1,1,1,1,3,3,9,1.4,4.88,54.8,63.3,54.7,29.2,64.2,4.77
5,0,23,6,1,4,4,3,3,2,1,1,4.0,0,0,1,0,5,1,19,2.8,4.23,39.8,53.5,32.3,20.0,67.0,4.0
4,0,21,9,0,3,4,4,3,5,1,2,7.7,0,1,0,1,5,2,2,1.5,6.63,44.8,64.5,71.9,72.9,66.5,6.6
6,1,23,1,0,2,0,5,1,3,5,2,3.0,1,0,0,0,2,5,5,1.9,6.26,59.1,27.5,46.6,30.4,59.4,4.28
2,0,21,1,0,2,2,0,4,3,1,2,2.2,1,1,1,0,1,5,34,5.0,9.3,63.7,52.1,57.0,45.0,55.1,5.37
1,0,17,2,1,1,3,1,6,2,3,2,2.8,0,1,0,0,4,3,24,3.0,6.51,50.8,51.3,31.6,29.5,64.7,4.22
6,1,22,9,0,2,0,0,1,4,3,2,6.7,1,1,0,0,1,4,3,2.4,6.24,56.3,62.2,67.3,73.8,81.5,6.65
6,1,18,4,1,3,1,6,6,5,4,1,0.6,1,1,0,1,3,2,19,0.7,5.43,29.2,25.8,67.8,53.0,37.3,4.0
0,1,19,2,0,4,2,4,5,2,5,1,4.4,0,1,1,0,4,1,40,2.3,6.24,43.3,29.3,56.6,48.8,48.9,4.0
6,1,17,1,1,1,3,6,0,2,4,4,0.8,1,1,1,1,3,3,32,2.4,8.89,39.2,41.6,42.0,34.8,53.0,4.0
6,0,17,1,1,3,3,5,3,2,1,4,3.3,0,1,0,1,4,5,11,3.3,5.93,68.7,57.9,50.0,69.5,45.0,5.39
6,0,17,1,1,2,0,7,5,3,3,2,7.6,1,0,1,1,1,2,23,2.2,9.7,66.3,57.9,52.4,63.5,62.6,6.35
1,0,20,1,1,1,0,2,0,4,3,4,7.4,1,0,0,0,2,5,18,4.2,9.99,65.4,67.8,74.7,68.0,63.3,6.7
6,0,22,0,1,2,1,0,3,5,0,1,7.9,1,1,0,1,3,5,36,2.2,8.82,37.8,48.3,69.9,63.2,80.0,5.95
4,0,23,6,0,1,2,7,6,4,5,3,1.5,1,1,0,1,1,5,9,1.8,4.97,56.2,41.3,65.7,42.5,54.2,4.42
0,0,18,3,0,4,1,0,0,5,5,3,6.8,1,1,1,1,5,3,13,4.6,6.5,51.2,48.1,59.9,54.5,80.9,6.15
4,0,20,0,0,1,3,5,6,4,0,3,5.0,0,0,0,0,2,3,32,3.4,5.91,36.5,47.5,52.4,54.6,52.9,4.61
4,1,23,5,1,4,2,4,0,4,3,4,4.2,0,0,1,1,4,5,29,5.8,5.29,48.1,52.1,31.0,52.7,52.4,4.51
3,1,20,5,1,2,3,3,2,4,4,2,3.2,0,1,0,0,5,3,39,4.1,4.71,56.4,38.5,50.6,31.3,66.1,4.0
0,0,21,4,0,0,1,3,6,5,1,2,5.0,1,0,0,1,4,5,19,3.6,7.04,38.5,51.8,47.2,49.6,71.7,5.28
2,0,21,3,0,4,3,1,4,1,3,4,1.8,0,1,1,1,5,1,12,0.1,5.88,54.9,56.7,29.9,56.4,68.3,4.11
3,1,21,8,1,3,4,5,3,2,1,3,4.6,0,0,1,1,3,5,19,1.3,9.84,49.8,61.5,63.2,75.3,57.4,6.15
7,0,17,6,1,3,2,0,1,1,2,1,3.1,0,0,0,1,2,5,17,5.6,8.18,66.7,65.8,51.5,49.7,56.2,5.64
0,1,17,2,1,3,0,0,2,5,0,4,5.4,0,0,1,0,3,3,3,5.4,4.54,43.6,49.9,59.3,27.7,72.4,5.34
1,1,23,2,1,1,2,2,2,3,3,1,7.5,0,0,0,0,2,5,29,1.6,8.85,43.3,70.7,47.9,37.4,71.3,5.57
7,1,18,6,1,3,4,3,7,4,5,1,1.9,1,0,0,1,1,3,24,1.4,8.52,58.5,42.0,51.8,46.0,46.4,4.39
3,1,20,3,0,3,4,1,7,3,2,2,2.1,1,0,1,0,5,3,26,4.2,9.48,53.5,27.0,66.6,32.2,54.6,4.82
2,0,21,1,0,4,0,2,4,5,3,2,1.7,0,1,1,0,1,5,28,4.9,6.72,33.4,45.6,66.3,55.4,62.4,4.54
4,0,23,4,0,4,0,2,5,3,5,1,4.6,1,1,0,1,3,4,11,4.6,8.59,80.1,55.6,32.0,82.2,53.2,6.56
4,0,17,9,0,2,0,0,5,5,0,2,6.8,1,0,0,0,5,4,14,1.5,6.08,50.8,84.3,60.2,50.3,67.9,5.67
3,1,18,0,0,4,0,6,2,2,5,1,3.5,1,1,1,1,5,3,14,4.9,8.39,49.4,71.3,57.4,47.5,63.6,6.01
0,0,19,3,0,4,4,0,5,5,1,1,7.8,0,0,0,0,2,3,24,1.1,7.23,55.9,62.6,64.5,50.2,59.9,5.73
4,0,21,9,0,3,1,1,4,3,5,1,7.4,0,1,1,1,3,4,38,3.6,9.24,64.1,73.5,57.7,38.5,43.1,5.81
6,0,17,8,0,0,3,4,4,4,0,3,6.3,0,0,0,0,3,3,32,5.3,6.8,60.2,31.2,58.6,41.6,63.4,5.32
3,1,22,5,0,2,4,5,1,2,0,3,2.2,1,0,0,0,4,4,29,1.0,8.77,55.8,61.1,23.2,48.2,39.1,4.18
3,1,23,0,0,0,3,0,4,1,5,2,0.6,0,0,1,0,4,1,0,3.2,6.47,70.8,48.7,43.9,47.0,41.1,4.64
4,1,17,0,0,1,1,1,3,3,1,1,3.3,0,0,1,1,3,1,2,0.6,6.28,45.0,46.0,61.8,51.0,46.8,4.65
6,1,21,4,0,1,4,6,1,1,4,3,7.2,1,1,0,1,2,5,9,4.5,8.28,59.0,64.6,73.1,73.3,76.5,7.04
6,0,23,5,0,4,2,2,7,4,0,1,3.1,0,0,1,0,4,4,14,2.1,9.65,35.5,60.8,57.0,50.7,49.5,5.23
2,1,19,5,1,1,3,3,3,1,4,1,7.6,0,0,0,1,2,1,11,2.6,7.34,50.3,54.3,74.7,67.3,50.4,5.88
4,1,19,2,1,0,4,4,0,4,0,2,2.5,0,0,1,1,2,4,17,2.5,6.91,57.8,50.9,53.7,68.9,50.8,4.96
2,1,19,4,1,2,4,5,3,4,2,4,6.6,1,0,0,1,4,3,11,5.8,9.81,60.0,82.9,54.9,67.6,74.0,7.64
4,0,17,6,0,4,4,0,2,4,5,2,3.8,0,1,0,0,2,3,15,1.5,4.92,36.5,52.5,38.2,55.5,45.8,4.09
4,1,23,1,0,0,1,3,0,5,4,4,7.8,0,0,1,1,1,3,14,3.1,7.11,42.4,48.2,52.1,64.1,68.3,5.68
1,0,17,7,0,2,3,7,7,2,2,3,3.1,1,0,0,0,1,4,28,1.9,5.8,47.0,36.4,59.5,29.0,49.7,4.0
0,1,21,5,1,4,3,6,4,4,5,2,1.9,0,0,1,1,4,5,27,2.3,8.23,53.3,65.8,53.4,43.2,71.1,5.25
1,0,19,8,1,0,2,6,3,5,1,4,4.9,0,0,0,1,3,5,37,0.5,4.8,49.0,45.7,52.8,60.9,37.8,4.0
1,0,20,5,1,4,1,0,6,3,0,2,2.9,0,1,0,1,4,2,12,4.9,9.78,39.8,53.7,56.2,43.9,70.4,5.69
2,1,23,8,1,0,2,4,1,2,1,4,4.6,1,1,0,0,5,1,28,3.3,9.94,72.9,64.5,56.9,41.1,70.8,5.9
6,1,20,0,0,1,4,3,5,2,3,2,6.4,1,1,0,0,5,5,10,1.9,8.22,56.8,67.4,86.4,28.8,65.6,6.16
4,1,19,5,0,1,1,3,4,4,1,2,4.8,0,0,0,0,1,1,25,3.1,5.67,60.0,40.7,62.8,44.8,72.8,4.87
2,0,22,1,0,4,3,4,5,2,1,3,2.9,0,0,1,0,3,1,2,0.6,8.7,45.4,52.1,65.5,41.6,85.6,5.61
0,1,22,3,0,2,0,3,1,1,2,2,0.9,0,1,0,1,1,1,13,2.9,4.8,44.9,59.2,65.2,44.0,62.0,4.0
4,1,20,0,0,3,0,7,7,3,2,3,1.5,1,1,1,1,5,2,28,2.1,5.28,40.9,20.0,36.6,32.2,53.6,4.0
1,1,21,2,1,3,2,0,4,3,5,1,2.4,0,1,0,1,5,5,32,1.1,6.35,26.5,21.3,48.7,32.4,43.7,4.0
2,1,19,1,0,3,4,5,3,5,5,2,6.2,1,1,1,1,3,2,2,5.5,9.69,60.1,73.7,69.5,47.0,68.3,7.5
1,0,17,3,0,4,1,0,3,4,3,1,2.8,0,1,1,1,1,4,7,2.7,7.65,46.0,72.4,59.1,48.4,58.4,5.33
1,0,19,9,1,1,2,0,1,1,4,3,6.6,0,1,0,1,4,4,32,2.2,7.0,36.1,41.3,53.2,55.9,42.0,4.39
0,1,17,4,0,0,3,3,5,2,0,1,4.6,0,1,0,1,4,3,17,5.0,7.43,69.7,65.6,67.5,58.6,59.3,6.07
4,1,20,3,1,2,0,6,2,3,0,3,4.7,0,1,0,0,5,4,12,4.4,7.28,58.3,46.9,63.4,55.7,50.2,5.58
3,0,17,2,1,0,1,4,5,4,4,2,5.8,1,1,1,0,3,4,5,3.5,7.03,52.1,49.3,62.6,59.5,66.5,5.98
7,0,23,1,1,2,2,6,1,2,4,2,1.5,1,1,1,1,4,4,20,2.4,7.22,56.4,43.2,48.7,58.4,59.4,4.72
7,1,18,1,0,0,1,3,5,5,4,3,2.5,1,1,0,0,5,5,15,0.6,4.61,47.3,37.0,69.8,55.6,54.5,4.27
4,0,22,0,1,0,0,7,4,4,0,1,7.3,0,1,1,0,1,2,36,2.6,8.35,38.6,50.6,47.3,59.2,67.1,5.16
5,1,17,6,0,2,3,5,6,1,4,3,3.4,0,1,1,1,4,3,30,3.3,6.91,59.8,35.7,44.9,52.4,50.7,4.51
7,1,23,7,1,4,1,0,7,2,5,2,2.5,1,1,0,0,2,2,15,3.6,8.84,43.4,24.1,76.7,58.2,73.6,5.43
0,0,21,3,0,3,0,7,2,2,3,2,0.6,0,1,0,1,2,3,11,5.5,9.07,50.6,52.3,34.0,36.7,62.8,4.8
6,1,19,2,0,2,2,3,0,2,5,4,6.4,0,0,1,0,2,5,11,2.3,8.4,55.7,63.9,81.8,59.3,48.6,6.17
3,1,21,1,0,4,0,6,0,3,5,1,2.3,0,1,1,0,4,1,16,1.3,8.16,33.7,64.7,52.5,44.9,46.6,4.65
1,0,20,2,1,4,3,7,6,5,5,2,1.7,1,1,0,1,3,3,6,0.4,5.02,31.5,60.5,28.0,39.9,66.8,4.12
5,1,20,5,1,1,0,7,3,2,0,4,5.7,0,0,0,1,1,1,25,3.4,9.04,58.7,59.3,47.2,57.3,52.1,5.39
0,1,17,8,0,2,0,6,7,3,1,4,4.2,0,1,0,1,3,4,23,1.1,4.27,32.7,44.6,55.9,28.4,59.8,4.0
2,1,22,1,1,4,1,2,5,5,1,4,4.8,1,0,0,1,4,1,32,3.4,7.1,20.0,31.2,71.8,77.6,34.1,4.76
1,1,23,8,0,0,3,7,5,2,5,2,6.8,0,0,1,1,4,5,25,3.3,9.14,25.3,50.7,79.9,59.0,49.4,5.62
2,0,18,5,0,0,4,7,1,5,2,4,2.5,0,0,1,1,3,4,9,3.7,8.08,42.2,59.2,71.9,39.9,72.4,5.73
7,0,17,1,1,2,2,6,7,2,0,3,7.8,0,0,0,0,5,1,12,2.7,9.48,46.6,66.2,53.5,59.6,84.6,6.75
2,0,22,9,1,1,4,2,0,2,0,1,2.4,0,1,0,1,3,3,29,3.0,7.81,47.6,45.3,38.9,59.6,62.0,4.82
6,0,18,3,0,2,0,5,2,2,3,2,6.9,1,1,0,0,5,1,0,2.8,4.79,70.4,77.4,66.4,78.6,81.5,6.55
7,0,20,1,1,2,1,6,1,5,3,4,4.9,1,0,0,0,1,4,4,2.0,5.66,50.5,63.0,44.2,28.0,59.9,4.94
0,1,23,6,1,2,1,2,6,3,2,4,3.5,1,1,0,1,5,4,22,3.0,9.07,67.3,27.4,59.1,58.6,65.2,5.56
1,0,22,0,0,2,1,1,5,3,2,3,4.9,0,1,0,1,5,5,39,0.4,9.34,20.0,42.9,42.5,53.9,71.4,4.51
1,1,19,2,1,1,2,0,7,4,2,2,2.9,1,1,0,0,2,2,36,4.6,6.94,47.4,39.3,39.1,34.8,33.6,4.09
4,1,17,9,0,2,0,3,4,1,5,1,5.2,1,1,0,0,2,1,24,3.0,5.84,53.6,49.2,67.2,45.7,45.5,4.69
4,1,19,7,1,1,1,5,2,2,0,2,2.1,1,1,1,0,1,4,40,1.5,7.21,84.0,51.5,36.6,24.5,64.0,4.05
4,0,20,0,1,3,1,4,2,3,1,1,5.5,0,1,0,1,5,5,7,1.7,8.71,38.7,56.1,66.8,32.8,75.1,5.79
4,0,18,4,1,1,3,3,4,1,4,1,7.3,0,1,1,1,1,3,14,2.7,9.86,60.0,62.5,74.8,35.1,74.0,6.48
6,0,22,0,0,0,0,0,0,3,2,4,7.7,0,1,0,0,2,1,25,2.4,6.74,62.7,32.7,44.3,54.7,64.3,5.03
1,1,23,5,0,3,4,6,6,2,3,4,6.3,1,1,0,0,1,4,28,0.3,5.57,39.5,64.8,44.2,27.6,44.7,4.01
6,1,20,8,1,2,3,0,2,1,5,2,4.3,0,0,1,1,4,3,15,2.0,5.67,30.9,45.9,37.6,67.4,66.1,4.63
5,1,23,7,1,2,0,6,2,1,1,4,0.8,1,1,0,1,4,3,23,5.0,8.9,54.8,36.1,54.6,30.0,53.8,4.5
5,1,17,8,0,2,2,1,3,1,4,2,4.2,0,1,0,1,2,1,25,1.3,8.95,51.5,55.8,52.0,43.5,44.8,4.6
2,0,20,6,0,3,0,2,5,5,1,2,5.7,1,1,1,0,5,5,20,3.0,6.31,87.4,50.8,62.2,46.3,90.3,5.99
5,1,18,2,1,4,2,4,4,2,3,3,5.6,1,1,0,1,3,5,30,3.5,9.66,50.2,34.5,72.1,45.7,70.9,5.68
3,1,17,2,0,0,0,4,1,2,2,3,1.6,1,0,1,1,3,4,6,3.7,8.05,43.4,47.1,50.5,42.6,42.8,4.81
7,1,20,2,1,2,4,2,2,3,0,4,6.7,0,1,1,0,4,2,4,1.1,5.04,41.8,52.2,46.5,64.1,72.4,5.48
7,1,19,7,0,0,1,3,2,5,5,3,4.2,0,1,0,1,2,5,4,4.7,4.96,41.9,50.1,46.1,80.1,59.0,5.3
7,1,23,6,1,4,0,7,3,4,0,2,7.7,0,0,1,0,3,5,18,0.1,7.1,57.6,38.0,46.6,55.6,59.3,5.46
6,1,17,5,0,0,1,4,5,1,0,4,5.3,1,1,1,0,3,1,5,0.4,5.07,50.6,53.7,67.2,24.0,49.5,4.6
4,0,19,4,1,0,4,2,7,5,4,1,3.2,1,0,0,1,3,4,24,2.4,7.96,32.9,50.6,62.8,61.5,61.7,4.87
1,0,22,1,0,4,4,0,7,1,4,4,4.5,1,0,1,0,2,4,32,0.9,5.1,36.3,35.6,62.7,59.0,49.2,4.0
5,1,19,0,1,0,1,6,3,3,0,2,1.3,1,1,0,0,4,3,39,4.0,8.16,53.6,55.0,59.0,20.0,55.4,4.33
0,0,19,1,0,2,3,6,6,3,2,4,4.6,1,1,0,1,5,2,16,4.4,7.76,51.4,26.4,70.5,40.5,68.6,5.3
0,1,21,3,1,1,2,5,4,5,5,3,1.5,1,0,0,1,2,5,10,4.5,4.84,60.1,62.4,33.0,39.9,68.1,4.94
6,1,18,7,0,0,2,3,4,1,5,2,4.4,0,0,0,0,1,1,20,0.6,9.81,40.9,38.6,52.6,31.0,47.6,4.47
4,0,21,0,1,3,1,5,3,3,1,4,7.2,1,1,0,1,2,1,32,3.9,5.27,56.2,60.5,54.9,45.2,61.4,5.38
2,0,22,7,1,1,4,0,5,1,0,1,1.5,1,1,1,1,1,2,16,5.5,7.1,20.9,68.8,40.6,30.7,57.0,4.28
2,1,20,6,1,3,1,4,5,5,0,2,5.2,0,1,0,0,5,5,4,1.4,6.31,63.6,59.8,70.3,44.5,59.3,5.74
2,1,20,6,0,4,4,7,7,4,5,2,7.3,1,0,0,0,1,5,27,1.4,8.81,60.7,42.9,45.6,46.1,66.4,5.4
2,0,18,3,1,1,0,1,5,3,0,1,5.8,1,1,1,0,2,3,26,2.2,4.93,43.9,40.0,62.8,39.5,52.8,4.4
4,1,20,9,1,1,2,6,1,3,3,3,6.3,0,1,1,1,4,2,6,1.3,6.4,45.6,66.9,53.8,35.2,76.6,5.8
3,1,23,5,1,4,3,7,7,3,0,3,1.1,1,0,0,0,5,1,11,3.8,6.63,55.8,65.8,57.9,39.8,70.9,5.22
0,1,22,4,1,1,0,0,7,3,1,3,5.5,0,1,1,1,1,5,18,4.4,7.35,44.6,47.9,64.3,47.7,74.6,5.65
4,1,19,5,1,4,0,7,1,3,4,3,7.1,0,0,0,0,2,3,29,4.1,9.38,67.2,43.4,61.2,71.5,66.5,6.27
0,0,20,1,0,2,1,1,7,4,5,3,1.1,1,0,0,0,2,5,17,1.1,8.48,55.5,41.7,51.6,38.1,55.7,4.64
0,1,23,8,1,1,0,7,7,4,3,1,6.2,1,0,0,0,4,5,17,2.9,9.91,70.2,53.1,68.1,79.5,85.3,7.14
5,1,21,1,1,1,3,7,6,3,5,1,0.6,1,0,1,0,3,5,16,1.1,5.58,40.1,74.9,45.1,52.8,43.1,4.13
6,0,23,2,1,3,1,0,4,1,5,3,6.5,0,0,1,1,2,4,0,1.1,7.0,84.6,54.7,43.4,56.0,67.3,5.94
3,0,17,5,0,1,2,6,7,4,5,3,2.4,0,0,0,1,4,1,22,5.2,9.78,57.0,65.4,51.9,45.3,61.0,5.56
5,0,17,2,1,3,1,0,3,4,5,4,6.9,1,1,1,0,2,3,20,3.9,8.26,49.3,50.4,81.3,45.6,83.8,6.33
5,0,18,5,0,1,1,1,7,2,0,4,1.3,1,0,1,1,4,5,5,0.6,7.71,76.4,61.6,46.7,55.9,55.6,5.02
1,1,21,5,0,0,2,3,6,4,3,3,4.6,1,1,0,0,5,5,19,5.5,6.89,57.7,60.4,57.4,71.3,65.7,6.04
1,0,19,7,0,3,3,1,2,4,2,2,6.5,0,1,0,0,4,2,10,4.3,7.88,65.9,51.1,81.0,71.5,51.3,6.62
7,0,22,9,1,3,1,7,0,2,2,1,5.3,0,0,0,1,3,1,9,0.3,7.21,53.4,54.4,53.6,73.9,57.8,5.29
1,1,20,8,1,3,2,6,3,4,5,1,3.0,1,1,0,0,1,5,30,1.1,9.37,49.1,59.9,86.5,53.1,54.9,5.25
5,1,22,4,0,3,0,4,6,4,5,3,7.5,1,1,1,0,4,3,12,2.2,4.31,38.3,24.8,63.3,73.0,82.8,5.39
2,0,23,8,0,0,4,6,0,3,4,2,1.7,1,0,1,1,3,2,34,4.7,4.75,46.7,77.0,52.3,20.6,54.1,4.0
0,1,22,2,1,1,2,2,6,4,3,3,4.6,0,1,1,0,3,4,17,5.2,7.59,62.3,49.1,49.2,55.0,70.3,5.69
5,1,23,9,1,1,0,3,4,3,5,1,5.4,0,1,0,1,5,3,20,2.5,5.93,66.8,58.8,82.1,59.9,59.0,5.59
2,0,18,0,0,4,3,6,1,1,2,2,5.0,1,1,1,0,1,4,40,0.4,7.35,58.8,38.3,37.6,62.5,56.9,4.24
3,1,23,3,0,1,4,7,7,2,3,4,1.9,1,1,0,1,5,3,29,4.2,6.56,64.7,57.0,36.5,40.9,46.2,4.18
5,0,19,9,1,2,3,5,3,5,0,2,3.3,0,0,0,0,4,1,2,5.9,7.57,20.0,52.7,61.0,71.5,70.7,6.29
3,0,21,9,0,0,0,6,3,2,0,3,3.3,1,1,0,0,1,5,25,3.4,5.3,57.7,50.1,37.9,49.5,67.2,4.28
2,0,17,6,1,0,0,3,3,4,1,1,7.0,1,1,0,1,3,5,2,1.9,7.39,51.6,77.5,76.9,79.8,96.3,7.17
2,1,20,3,1,1,1,3,7,4,3,1,4.6,0,1,0,0,2,2,30,3.4,6.93,43.3,39.6,39.1,34.4,56.7,4.31
4,0,22,6,0,0,3,5,3,3,0,3,3.1,1,0,1,0,5,4,39,0.9,4.27,42.4,28.6,29.3,56.3,49.4,4.0
3,1,21,5,1,0,2,7,1,4,1,1,3.0,1,1,0,0,5,2,1,2.3,9.44,47.1,54.0,70.2,62.2,63.1,5.97
5,1,17,2,1,2,0,2,1,4,0,4,4.3,1,0,0,1,2,2,32,5.8,7.36,50.1,45.4,65.1,46.4,42.5,5.05
3,0,22,1,1,2,1,1,2,3,1,1,7.6,0,1,1,0,4,2,5,4.4,7.12,51.4,38.1,64.0,51.4,62.4,6.06
7,0,20,9,0,1,1,4,0,3,5,2,3.7,1,1,0,1,5,5,7,1.1,9.04,57.0,55.4,46.4,90.1,71.2,6.06
7,1,23,8,0,1,1,2,1,5,3,2,5.0,1,1,0,1,4,2,32,5.1,6.81,46.8,43.3,46.7,63.3,63.7,5.21
4,1,19,2,0,1,1,7,0,4,3,4,5.7,0,1,0,0,1,5,24,4.3,6.36,70.1,44.9,41.5,49.7,60.4,5.2
2,0,20,4,0,4,4,5,2,5,1,1,1.9,0,0,0,0,4,2,27,1.8,9.51,36.1,20.0,35.4,52.9,65.2,4.45
1,1,20,2,1,3,0,0,6,5,5,2,7.1,1,0,0,1,1,1,7,4.2,7.8,81.9,71.4,63.3,26.3,66.5,6.6
4,1,23,5,1,4,1,0,0,2,5,1,3.6,0,0,0,1,1,2,12,0.0,8.59,65.2,48.0,32.1,50.1,47.8,4.68
0,0,20,2,1,0,4,2,4,5,2,2,0.9,1,1,0,1,2,1,36,5.0,5.79,46.1,38.2,40.7,47.6,43.7,4.0
1,0,22,6,1,0,0,1,3,3,1,1,6.2,1,0,0,1,1,3,21,3.2,7.15,47.8,35.4,74.2,69.6,41.9,5.04
5,0,20,6,1,2,4,3,0,5,3,4,4.4,0,0,1,1,3,2,0,0.7,6.79,60.6,31.7,63.4,73.7,59.4,5.6
6,1,17,8,1,2,0,1,1,5,3,3,6.3,1,0,0,0,5,5,1,5.0,5.16,78.9,35.6,54.5,66.1,76.3,6.36
1,0,23,9,1,3,3,2,1,5,5,3,4.7,1,1,0,0,1,2,17,5.0,6.03,44.1,65.7,69.6,73.9,66.3,6.06
7,0,22,4,1,3,0,6,4,3,1,3,2.1,0,1,1,0,1,2,5,2.7,4.15,31.6,47.6,63.0,78.5,54.6,4.4
6,1,23,0,0,1,0,6,5,5,4,1,2.8,1,1,0,0,1,1,33,4.6,8.47,72.8,50.5,49.1,43.1,59.9,5.24
6,0,22,0,1,1,1,1,7,1,3,1,2.0,0,0,0,1,3,5,15,1.0,5.87,56.7,30.9,50.8,45.1,53.7,4.0
4,1,17,2,1,1,4,6,3,3,2,2,5.8,1,0,1,1,4,1,29,1.9,7.87,52.5,34.3,62.2,49.4,65.0,5.02
6,0,18,1,1,3,3,2,7,4,4,3,4.1,1,0,0,1,5,1,25,4.9,8.78,44.8,68.8,63.0,38.4,53.7,5.71
0,1,20,2,0,2,1,5,5,5,2,2,1.8,1,0,1,0,3,5,6,4.9,5.06,59.7,51.3,76.7,71.8,63.9,5.55
5,1,17,8,0,4,0,0,0,4,3,3,3.4,0,1,1,0,3,5,19,5.5,9.62,51.7,27.7,78.8,57.9,56.9,5.87
1,0,17,1,0,0,4,3,7,3,4,2,3.7,0,0,0,0,4,4,34,1.3,5.04,52.1,51.4,52.0,30.7,41.5,4.0
1,1,17,0,0,1,3,5,0,1,0,4,7.0,0,1,0,0,5,4,24,2.1,5.11,35.1,37.2,59.7,42.2,47.4,4.31
6,1,17,6,1,2,0,6,7,2,5,3,4.0,1,1,1,0,1,5,37,1.9,4.32,28.9,59.2,33.3,46.7,34.5,4.0
4,0,23,3,1,1,0,1,1,1,5,4,4.8,1,0,1,0,4,1,8,3.0,9.11,55.5,61.7,57.3,85.0,69.7,6.48
1,1,22,7,1,1,2,4,6,2,3,1,3.1,1,1,1,0,4,4,15,4.0,8.36,64.7,68.3,62.7,52.6,61.9,6.21
3,1,20,2,1,2,3,4,5,4,1,3,1.6,0,1,0,0,4,3,33,4.1,4.25,58.1,29.6,58.1,37.7,66.0,4.0
6,0,19,0,1,4,3,6,4,5,0,3,5.6,1,0,1,1,1,1,26,0.6,4.62,38.0,48.3,50.7,57.3,59.6,4.34
0,1,22,0,0,4,1,5,0,1,5,2,2.4,0,1,0,0,4,3,16,1.0,4.44,45.0,28.0,45.5,47.9,58.2,4.0
5,1,20,8,1,1,3,7,0,5,1,2,5.1,1,0,0,1,1,1,4,3.4,5.5,28.5,63.9,71.8,73.8,78.1,5.86
7,1,22,1,1,4,0,6,6,4,1,1,4.6,1,0,0,1,5,5,22,2.0,5.82,95.3,63.5,48.5,40.8,63.9,5.22
5,0,22,8,0,4,0,5,4,3,5,4,7.2,0,0,1,0,2,2,2,1.2,8.32,46.7,49.9,79.0,68.0,63.8,6.62
5,1,17,1,0,2,0,5,7,2,5,4,7.6,1,1,1,1,2,4,1,2.8,9.51,86.7,69.6,75.9,73.1,82.0,7.93
2,0,21,5,0,0,0,6,4,1,0,4,3.0,0,0,1,1,3,2,2,3.6,6.01,56.3,53.7,39.8,62.7,48.6,4.94
3,1,17,6,1,1,0,6,7,1,4,2,7.4,0,0,0,1,2,2,40,1.6,6.7,45.4,50.9,44.1,28.3,50.0,4.0
2,0,19,2,0,4,1,4,7,5,4,3,7.0,1,0,1,0,1,2,7,4.8,8.11,81.5,61.1,78.9,85.6,87.8,7.9
7,1,20,3,1,4,3,2,7,1,3,2,1.7,1,0,1,1,2,4,37,3.5,6.51,42.3,20.0,48.5,50.5,51.8,4.0
4,1,20,8,0,3,4,6,2,4,0,2,7.5,0,1,0,0,2,4,12,3.8,9.85,67.0,69.4,68.4,61.3,85.7,7.71
5,0,18,1,0,2,4,0,0,5,3,2,1.1,0,1,0,0,3,1,27,4.4,5.48,35.2,56.9,61.3,33.0,59.6,4.27
3,0,17,4,1,4,0,5,5,4,5,1,3.9,1,1,1,0,2,2,22,1.8,7.89,65.4,57.9,50.6,73.5,70.3,5.44
3,0,20,5,1,1,2,6,2,1,1,3,4.5,0,0,0,1,1,5,21,4.4,4.33,67.7,39.4,57.4,44.6,46.7,4.7
6,0,18,9,0,4,1,0,3,2,3,1,5.4,1,1,0,0,3,5,27,1.7,4.38,39.3,58.8,47.4,48.2,52.7,4.0
7,0,21,1,0,1,3,7,7,4,0,3,7.7,1,1,1,0,1,2,31,0.9,5.23,53.3,47.6,39.7,62.1,68.8,4.72
4,0,22,4,1,1,0,2,4,5,5,3,3.6,0,0,0,0,4,3,36,0.8,8.74,48.4,50.2,20.0,48.0,51.7,4.01
6,0,20,5,0,4,2,0,0,2,0,2,1.4,0,1,0,0,3,2,13,3.4,4.21,39.8,54.0,39.6,58.6,57.5,4.21
3,0,20,5,1,2,1,2,3,3,1,3,7.8,1,0,0,1,4,1,8,4.1,4.7,78.0,59.6,65.9,72.8,60.5,6.53
0,1,23,3,0,0,0,6,7,5,1,2,4.2,1,0,0,1,4,3,24,2.2,5.71,24.5,74.2,56.0,44.1,53.9,4.28
4,0,19,5,1,3,1,7,0,2,2,4,7.9,0,1,0,1,1,4,40,5.5,6.49,31.9,43.6,57.8,46.0,64.4,5.2
5,1,23,3,1,3,4,6,4,1,4,2,2.5,0,1,0,0,2,4,15,0.2,8.59,20.0,47.0,43.3,40.8,44.9,4.1
7,0,22,0,1,4,4,2,1,2,3,1,1.6,0,1,0,1,1,3,23,2.5,9.47,40.6,54.2,25.0,42.6,38.7,4.3
1,1,21,5,1,2,2,1,3,1,3,3,6.7,1,1,0,0,4,4,21,5.5,4.98,59.8,69.6,72.0,35.8,50.2,5.48
2,0,20,0,0,1,0,6,3,3,5,3,1.5,0,0,1,0,1,1,14,0.8,8.17,40.3,32.5,58.3,84.0,37.7,4.61
2,1,17,7,1,0,1,7,2,5,3,1,4.0,0,1,1,0,1,1,7,5.5,5.23,63.4,49.3,58.0,62.1,77.7,5.49
6,0,18,9,0,4,4,7,7,5,4,2,5.9,0,1,1,1,2,5,30,2.2,7.54,20.3,63.1,62.8,65.9,56.0,5.35
0,0,17,1,0,3,0,0,6,3,5,3,4.7,1,1,0,0,1,4,18,2.7,8.42,44.6,30.0,61.8,70.1,73.5,5.6
2,0,22,1,0,0,3,7,5,4,3,1,1.4,0,0,1,1,1,3,12,2.0,7.57,54.9,45.4,62.9,29.6,53.0,4.83
7,0,19,7,1,3,4,1,0,4,4,1,2.4,0,1,1,1,1,1,4,3.0,4.16,58.3,64.1,50.4,61.6,46.0,4.66
5,0,18,3,1,3,4,1,3,5,3,1,7.6,1,0,1,0,4,3,24,2.7,4.22,64.7,70.7,65.2,28.0,69.1,5.54
7,0,20,0,1,4,4,6,6,5,0,1,3.4,0,0,0,0,3,1,1,3.5,4.77,37.3,70.0,41.7,43.4,55.5,4.81
4,0,19,2,1,0,1,4,4,3,3,1,7.3,1,0,1,0,2,1,34,2.0,6.77,62.7,36.1,63.5,45.4,54.4,4.7
6,0,21,2,1,4,0,6,7,2,2,4,4.3,0,1,0,0,4,2,31,3.8,9.84,74.9,60.2,57.7,62.3,54.8,6.09
0,1,22,6,0,4,2,1,7,5,3,4,3.7,0,1,0,0,4,5,20,1.2,6.41,37.5,36.3,54.1,40.6,71.9,4.49
1,0,18,7,1,4,4,5,2,5,0,3,4.0,1,1,0,0,4,3,4,3.8,9.08,60.8,70.6,76.7,81.1,70.6,7.29
1,1,17,8,1,3,3,5,5,1,0,2,2.5,1,0,0,1,1,4,1,0.3,9.38,48.7,61.3,85.8,67.8,73.2,6.09
2,0,23,5,0,0,4,7,1,4,4,2,5.0,0,0,0,1,4,2,9,0.6,5.28,46.9,60.3,56.8,46.5,42.0,4.56
2,0,21,2,1,1,2,0,3,4,5,3,6.7,1,1,1,1,3,5,24,1.9,9.75,41.2,73.9,80.3,78.4,72.1,6.62
4,0,19,0,0,2,1,0,6,3,5,4,6.4,0,1,0,0,4,3,27,5.3,8.92,66.7,36.9,50.7,57.4,50.2,5.65
6,0,22,4,0,1,3,0,2,4,0,3,2.9,1,1,1,1,5,2,38,4.1,8.76,41.1,59.2,51.9,38.0,48.6,4.4
7,1,17,2,1,1,3,5,4,1,4,2,7.3,0,1,0,1,1,4,39,2.6,5.56,58.1,51.4,57.4,45.5,52.7,4.47
5,0,17,8,0,1,2,1,6,4,0,4,6.9,1,0,1,0,2,4,9,0.2,9.86,61.6,72.4,65.4,79.7,65.7,6.85
5,1,23,1,1,1,3,5,1,1,4,1,0.9,1,0,0,1,1,3,32,3.7,5.82,30.0,46.4,60.7,38.1,41.9,4.0
5,0,20,5,0,2,4,5,0,3,4,3,0.8,1,0,0,0,4,3,16,3.7,8.57,49.0,59.3,63.2,43.4,75.0,5.38
1,0,17,8,0,0,1,0,2,4,2,2,5.8,0,1,0,1,4,3,35,2.9,6.96,63.7,24.2,56.5,53.1,60.0,4.67
1,0,21,6,0,4,0,0,5,1,0,4,5.6,0,1,0,1,4,3,37,5.6,4.64,45.3,47.6,33.5,53.2,40.8,4.16
7,1,19,4,1,2,4,0,4,1,5,3,2.9,1,1,0,1,4,3,11,1.4,8.63,48.8,50.6,59.2,65.5,47.3,5.39
1,1,19,7,1,2,4,0,3,1,2,2,4.2,0,0,0,0,1,4,23,3.7,6.6,46.1,49.4,47.4,63.8,60.2,5.21
1,0,21,9,0,2,3,5,7,4,2,2,7.9,0,1,0,0,5,1,35,0.5,4.27,57.3,52.4,65.5,58.4,46.9,4.46
7,1,23,9,0,0,3,0,0,4,4,1,3.6,0,0,0,0,5,3,21,5.8,9.23,59.1,61.4,60.4,37.6,67.0,5.91
3,1,20,0,0,1,3,6,5,5,5,4,2.8,0,0,0,1,2,2,0,1.1,8.9,49.9,43.0,71.5,56.6,65.5,5.8
0,1,19,7,0,3,3,2,7,2,0,4,7.7,0,1,0,1,2,3,36,5.0,6.35,49.4,55.9,65.0,41.5,50.6,5.36
7,1,20,2,1,4,4,6,4,1,3,1,3.7,0,1,0,0,4,1,31,3.7,7.88,33.8,50.5,63.2,68.1,45.5,4.92
0,0,21,7,0,2,3,5,3,4,0,2,2.6,1,0,1,1,2,2,38,3.0,8.76,61.3,38.7,52.5,64.8,63.4,4.97
7,0,22,5,0,4,0,7,3,4,4,2,1.4,1,0,0,0,3,1,35,1.6,4.91,31.8,21.4,33.8,20.0,55.6,4.0
5,1,17,6,0,4,0,7,0,1,0,3,1.7,0,0,0,1,2,3,21,4.9,4.74,55.0,74.8,49.2,43.4,57.8,4.4
7,1,17,3,1,3,2,4,0,5,1,2,1.5,0,0,0,0,5,3,1,2.7,8.62,50.8,36.9,69.1,60.6,48.2,5.62
4,1,20,4,0,4,0,1,5,4,5,3,5.9,0,0,1,0,5,5,9,4.2,6.68,64.8,73.5,69.0,41.1,61.1,5.96
4,1,19,0,0,4,2,5,0,5,3,3,2.1,0,0,1,1,1,5,37,1.6,8.99,39.1,54.9,29.6,44.3,56.2,4.11
6,1,17,0,1,2,4,2,6,3,0,2,3.1,0,1,0,1,1,3,33,3.5,8.94,43.4,50.0,47.1,23.0,58.6,4.57
1,0,18,7,0,2,4,5,5,3,3,4,5.3,0,0,0,1,2,5,8,2.9,6.75,72.0,50.4,42.3,52.6,61.0,5.66
1,0,17,6,1,0,0,3,1,1,3,2,1.4,0,0,0,0,4,1,9,0.9,7.54,72.2,50.2,55.3,38.7,56.8,4.45
2,0,17,4,1,3,4,1,6,3,1,4,6.8,1,1,0,0,4,2,20,0.5,7.75,44.1,42.9,67.8,47.5,76.3,5.54
5,0,22,0,0,0,4,1,7,5,4,2,7.7,1,1,0,1,1,5,11,5.8,5.65,71.5,85.8,77.6,49.6,82.9,7.26
6,0,21,4,1,0,2,5,0,4,4,3,3.4,1,1,1,1,3,2,11,1.5,4.54,43.1,58.6,61.2,66.0,55.0,4.72
3,0,20,0,1,1,3,3,1,4,4,1,2.0,1,0,0,1,3,1,20,2.8,6.44,32.2,45.7,54.0,76.5,51.3,4.91
2,1,23,9,0,2,4,5,6,1,5,2,6.4,1,0,1,1,5,4,35,2.7,4.01,21.5,50.6,44.4,84.5,78.5,4.58
5,0,21,3,1,2,1,1,2,2,5,1,2.8,0,1,1,0,4,2,39,3.0,8.81,69.7,21.6,27.4,20.0,50.4,4.0
6,0,18,7,1,0,1,2,6,1,4,2,3.6,0,0,1,1,5,1,28,4.0,6.12,54.9,20.3,45.1,52.6,54.5,4.0
3,1,20,1,0,3,0,4,2,3,5,3,1.9,0,1,1,0,3,1,17,3.0,8.22,47.3,45.7,70.7,47.7,62.8,5.15
5,1,21,8,0,0,4,0,7,2,2,2,7.1,0,1,1,0,5,4,0,5.6,7.85,71.2,63.5,83.8,62.3,82.9,7.58
5,0,19,9,0,1,0,1,5,5,1,3,0.5,1,0,1,1,2,4,4,5.5,5.18,49.8,54.3,55.1,50.8,58.2,4.98
6,0,18,0,1,1,2,2,3,5,0,1,6.3,0,1,0,1,1,1,2,2.3,9.34,52.8,38.0,86.3,71.9,82.2,6.97
4,1,17,4,0,2,3,5,7,5,1,2,7.0,1,0,0,0,4,5,39,0.6,7.91,49.1,45.9,39.7,49.6,59.8,4.78
2,1,21,5,1,2,3,6,6,2,0,2,6.5,1,1,0,0,5,3,19,3.5,7.25,66.9,66.9,54.3,51.3,77.1,6.09
1,1,18,9,0,3,2,4,4,2,4,3,1.9,0,0,0,0,5,3,26,2.0,4.63,61.8,20.0,20.0,41.7,38.0,4.0
5,1,18,7,1,3,1,5,0,1,2,1,1.1,1,1,1,0,4,2,40,3.5,8.59,46.4,41.9,50.5,52.3,63.0,4.16
6,1,18,8,0,1,2,7,2,2,1,1,3.0,1,0,0,1,3,3,10,5.6,9.86,87.6,56.3,66.9,56.1,80.7,7.21
0,1,21,2,1,2,4,5,4,1,3,2,6.9,0,1,0,1,1,3,8,5.1,9.81,71.4,56.3,80.9,72.9,70.2,7.48
4,0,20,9,1,1,2,3,6,4,1,3,4.9,1,1,1,1,4,2,25,1.3,6.55,42.9,52.1,58.8,40.8,71.1,4.88
7,0,21,1,0,4,0,6,3,4,1,4,3.7,0,0,0,0,4,1,11,2.7,5.59,76.3,60.3,50.6,66.4,53.6,5.31
7,1,17,0,0,2,0,4,3,2,5,3,2.4,0,1,1,0,1,3,18,4.9,8.7,40.6,57.9,42.0,43.5,48.6,5.02
1,0,18,8,0,3,1,6,6,3,4,3,6.8,0,0,1,0,4,5,1,2.2,7.47,84.8,82.0,88.4,64.1,74.2,7.27
4,0,22,2,1,2,4,2,2,2,0,3,4.8,0,0,1,0,1,5,24,1.1,4.65,32.1,38.0,55.2,43.2,64.0,4.11
3,0,17,5,0,0,3,1,4,2,2,1,3.9,0,1,1,0,4,4,10,5.9,4.77,35.1,63.7,40.3,75.7,68.7,5.65
7,0,23,7,0,4,4,1,4,5,5,4,2.6,1,1,0,1,4,5,15,3.2,9.46,66.9,43.7,43.2,46.1,58.8,5.89
5,0,22,3,1,4,1,5,4,2,3,4,3.9,1,1,0,1,2,2,17,5.3,7.23,51.8,48.2,55.6,25.6,71.1,5.21
2,0,17,0,1,3,3,0,1,2,3,1,4.0,1,0,0,0,4,2,25,0.2,5.5,42.5,35.6,43.0,31.7,48.4,4.0
0,0,18,7,1,1,1,2,7,2,2,1,4.5,0,1,1,1,3,2,28,2.1,5.3,65.2,46.9,53.6,66.8,62.2,4.44
2,0,22,3,1,0,4,2,2,4,0,2,3.3,1,1,1,1,4,1,0,2.0,5.15,48.2,43.0,73.9,37.2,64.0,4.87
1,1,20,9,0,2,2,4,4,5,1,4,1.4,1,1,0,0,2,1,25,3.9,4.07,45.5,50.1,42.9,34.7,49.0,4.0
0,0,19,6,1,0,4,0,1,1,3,3,7.9,0,1,0,1,3,4,4,2.0,7.65,48.0,51.4,59.3,53.0,42.4,5.57
0,1,21,0,1,1,3,4,7,1,0,3,4.2,1,1,0,1,1,2,38,5.9,6.66,53.3,41.0,44.2,71.3,73.1,5.12
4,0,23,4,0,2,2,4,4,5,4,2,6.5,1,0,0,1,4,1,4,5.2,4.42,67.4,75.6,70.5,68.7,79.6,6.81
0,1,21,0,1,3,2,0,4,2,1,2,5.0,0,0,0,1,3,4,5,5.7,6.16,47.3,66.9,49.2,68.7,61.4,6.08
5,1,23,2,1,0,2,0,0,3,1,4,2.8,0,0,0,1,3,2,30,1.2,9.5,70.9,41.7,46.6,30.6,42.5,4.47
4,0,20,7,1,4,0,5,2,1,1,2,2.0,0,0,0,0,3,1,24,5.6,8.41,49.1,50.4,60.5,31.7,50.0,4.67
1,0,21,7,0,2,1,0,2,1,4,4,3.5,1,1,0,1,4,3,19,3.0,7.2,63.3,36.0,52.2,27.0,75.2,4.69
2,0,23,5,1,1,3,1,2,2,1,1,1.2,0,0,0,0,2,2,23,1.1,4.81,21.9,37.7,55.3,51.0,47.9,4.0
1,1,19,2,1,4,0,0,7,3,4,4,1.4,1,0,1,1,4,4,6,0.1,5.6,65.9,38.6,51.8,43.0,58.3,4.57
4,0,20,7,1,4,3,3,3,3,2,2,7.6,0,0,1,0,3,1,0,2.7,8.19,59.7,35.4,79.7,79.8,77.7,6.95
0,0,20,6,1,4,3,4,2,3,4,3,7.1,0,0,1,0,4,5,5,2.1,9.63,78.8,56.6,58.8,46.7,79.9,7.09
0,1,23,9,0,1,3,7,1,5,1,2,7.2,1,0,1,1,2,2,5,0.6,9.96,94.2,66.0,62.1,75.8,67.5,7.6
5,1,22,5,1,0,2,4,7,3,1,4,5.4,0,1,1,0,1,3,5,0.7,6.04,45.2,46.2,72.4,47.2,66.8,5.29
4,1,19,4,0,3,3,3,3,2,3,2,1.3,1,0,0,1,3,2,31,4.1,4.88,36.7,60.6,59.6,21.2,58.1,4.0
2,0,23,6,1,1,3,1,5,1,2,2,6.7,1,1,1,1,4,4,19,5.9,7.96,86.5,27.0,56.1,58.7,56.2,5.84
4,0,17,9,1,2,1,5,7,2,2,1,6.9,0,0,1,1,4,4,18,5.4,5.26,60.2,47.0,55.5,47.3,68.0,5.54
1,0,20,5,0,0,2,6,0,1,4,3,5.0,1,0,1,1,1,2,25,2.9,8.13,70.4,43.5,42.8,67.0,63.0,5.21
5,0,19,7,1,0,0,7,7,1,1,2,0.7,0,0,1,1,4,4,27,1.8,4.75,26.4,52.8,51.1,24.2,31.6,4.0
4,0,17,9,0,1,0,0,0,1,3,4,6.5,1,1,1,1,2,1,35,1.5,8.52,54.8,49.9,44.1,84.3,69.5,5.8
3,1,19,4,1,4,3,0,6,3,3,3,5.0,1,1,1,1,1,2,9,1.8,9.0,76.4,51.4,65.5,72.0,75.7,6.79
2,0,19,2,0,3,3,7,1,4,5,2,4.5,1,0,1,0,5,5,38,1.0,8.93,38.9,67.8,31.5,74.8,57.0,5.1
2,0,17,1,0,2,2,1,0,2,2,1,1.2,1,0,1,1,2,5,19,3.5,8.84,61.3,55.4,46.8,46.6,58.0,5.22
3,1,19,2,0,2,4,5,6,5,0,3,0.6,1,1,1,0,5,3,3,5.5,7.84,40.8,71.8,57.0,45.3,55.0,5.68
6,0,21,3,1,3,4,4,1,1,2,4,6.3,1,1,1,1,1,2,36,0.3,8.46,32.6,40.9,74.6,23.5,45.4,4.47
1,0,20,9,0,3,0,4,2,4,5,3,2.3,1,0,1,1,2,1,23,5.0,7.08,64.0,43.9,46.5,60.3,74.7,5.49
0,1,19,3,1,2,2,4,2,5,1,2,7.4,1,0,0,1,3,1,39,2.8,5.79,59.6,55.0,52.4,36.5,68.1,4.91
0,1,21,9,0,3,0,6,2,2,5,3,2.2,0,0,0,0,4,2,34,4.9,4.65,20.0,48.5,52.0,53.2,40.5,4.0
0,1,18,3,0,1,3,5,3,1,0,2,7.6,0,1,0,0,5,4,8,1.9,8.59,72.2,47.7,85.5,48.6,64.4,6.61
2,1,18,5,1,4,0,4,2,3,1,1,3.8,0,0,0,1,4,2,39,0.9,7.07,40.6,60.7,70.9,20.0,48.9,4.22
0,0,22,0,0,1,4,0,4,1,0,4,0.8,1,1,0,1,5,2,5,5.2,6.28,29.2,45.5,64.1,50.5,55.5,4.82
4,1,19,0,1,2,2,3,5,2,2,1,1.9,1,1,0,1,3,4,17,5.5,4.6,63.0,76.5,47.7,59.4,58.8,5.12
1,0,19,1,1,1,2,4,5,1,4,2,5.2,1,1,1,1,4,1,4,5.7,7.71,56.6,73.6,67.6,45.4,72.6,6.66
4,0,23,9,1,2,3,7,5,1,1,4,4.4,1,1,0,1,3,1,36,0.4,9.83,54.1,64.9,34.9,46.2,48.8,4.66
5,0,21,2,1,4,2,4,0,1,0,2,4.9,1,0,0,0,2,3,17,3.3,5.03,61.7,52.5,63.4,54.8,76.9,5.16
7,1,22,8,0,4,0,2,3,5,2,3,1.1,0,1,0,0,3,1,40,4.9,8.94,51.0,75.1,63.2,78.5,25.0,4.95
2,0,22,3,0,3,1,3,1,2,3,4,1.7,1,0,0,1,4,1,31,1.1,5.11,42.9,28.6,22.6,39.4,43.8,4.0
1,1,23,2,0,0,1,7,5,2,1,4,1.3,1,1,1,0,4,1,7,5.0,8.58,51.3,48.8,58.9,60.7,70.7,5.88
3,1,23,0,1,0,1,0,6,5,1,2,2.8,0,1,1,1,5,3,40,3.3,4.13,56.3,42.0,64.5,58.0,47.0,4.0
0,1,18,2,1,1,2,1,4,4,5,1,4.2,1,1,1,0,3,1,39,2.0,6.16,49.8,40.0,56.1,47.7,44.4,4.04
1,0,18,3,1,2,0,1,6,3,2,1,6.4,1,1,0,1,4,4,30,4.9,4.68,32.4,59.8,64.1,63.4,72.5,5.42
6,0,20,2,1,3,4,3,0,2,1,4,4.6,0,1,0,1,5,4,33,3.5,8.16,48.6,26.6,53.9,50.9,58.7,4.81
5,1,17,4,1,2,1,1,6,2,3,4,2.3,1,1,1,1,2,4,1,4.2,6.55,61.5,55.3,48.3,48.4,58.4,5.36
1,0,18,0,0,0,0,5,0,2,1,2,6.1,0,0,0,0,4,1,18,0.7,4.36,33.9,30.0,54.1,54.2,45.5,4.0
5,0,21,9,1,1,3,0,1,1,3,4,7.8,1,1,0,1,2,4,11,4.9,9.86,60.9,60.2,65.5,51.4,67.5,6.95
4,1,17,1,1,1,2,7,7,1,2,3,0.7,0,1,1,1,2,5,0,4.5,5.85,32.0,43.0,65.2,54.2,71.7,4.93
5,1,17,1,0,2,0,3,1,4,3,2,2.9,0,0,1,1,3,4,32,0.6,8.84,54.8,55.9,37.1,57.4,56.8,4.48
1,0,17,0,0,1,1,0,3,4,0,3,2.7,0,1,0,1,2,5,38,0.4,4.91,25.0,23.4,43.7,30.1,53.1,4.0
2,0,17,7,1,1,2,0,7,3,3,3,3.2,1,1,0,0,4,3,28,3.9,4.84,59.1,56.0,74.2,54.0,38.1,4.74
1,0,19,9,1,2,0,5,6,3,5,1,5.2,1,1,1,1,1,3,24,0.9,6.4,61.8,53.0,49.2,51.8,43.3,4.69
5,1,17,5,0,3,3,4,5,3,4,3,3.1,0,1,0,1,3,4,2,3.3,9.69,63.8,63.0,30.5,41.6,66.4,5.9
6,0,20,8,0,1,0,5,1,3,5,2,1.1,1,0,0,1,3,4,26,3.1,8.02,43.5,67.5,71.6,62.6,43.9,5.11
1,1,19,2,1,3,4,0,5,3,5,4,6.7,1,1,1,0,3,1,9,5.4,9.6,54.2,64.4,76.1,47.1,73.1,7.41
5,1,22,7,0,0,1,4,5,5,0,4,2.1,1,1,1,0,3,1,19,5.4,7.01,66.3,34.8,48.8,40.2,51.8,4.9
4,0,17,5,1,3,2,0,0,5,1,4,2.6,0,0,1,1,1,1,1,3.7,6.47,30.4,52.3,63.7,52.0,49.4,5.19
3,0,23,2,0,1,3,5,7,2,1,1,3.1,0,0,0,1,3,2,32,1.7,9.28,41.9,67.1,52.8,31.4,53.5,4.9
4,1,17,4,0,2,4,3,3,2,3,4,2.3,0,1,0,1,5,4,8,5.6,6.34,51.0,37.9,55.1,61.5,62.9,5.55
1,1,22,6,1,2,4,0,3,2,4,1,0.7,1,1,1,1,5,4,1,4.5,4.78,33.4,55.6,51.7,61.4,67.0,4.8
0,0,23,3,0,2,0,0,2,5,4,1,3.9,1,1,1,0,3,2,5,0.5,9.07,64.8,50.0,78.9,72.4,54.7,6.23
2,1,22,2,1,2,3,0,0,3,4,2,5.4,1,1,0,0,4,5,38,3.3,4.95,46.1,20.0,53.8,52.0,67.6,4.23
1,1,23,1,0,1,0,3,0,2,4,2,2.5,0,1,1,0,5,3,29,4.5,6.97,32.5,43.5,54.2,55.7,46.5,4.01
7,0,17,6,1,1,1,6,5,4,1,3,6.6,1,0,0,1,5,3,23,5.4,8.92,31.8,66.2,73.5,57.9,56.2,6.39
6,0,17,0,0,2,3,0,3,2,4,2,5.4,0,1,0,1,1,3,0,4.3,5.28,46.7,51.2,63.4,64.1,64.5,5.9
0,1,21,3,0,4,3,5,3,3,0,2,0.9,0,0,1,0,4,1,7,2.7,7.61,41.1,42.5,57.0,51.1,60.4,4.65
3,0,19,5,1,0,4,2,3,1,4,4,1.2,0,0,0,0,3,4,5,3.3,5.88,36.8,37.0,48.1,33.9,70.6,4.0
2,0,21,0,0,1,0,2,0,1,2,4,2.2,1,1,0,1,1,3,2,0.7,9.68,62.7,54.8,39.8,35.9,58.8,5.28
1,0,17,5,1,1,4,5,6,1,3,2,4.8,0,0,0,0,2,1,16,4.6,8.27,38.6,72.3,60.5,75.8,72.1,6.02
2,0,17,8,0,1,3,5,4,4,4,3,2.1,0,0,0,1,5,1,8,1.3,6.18,73.6,39.7,30.0,44.7,56.9,4.49
1,0,23,6,0,1,3,7,7,2,4,4,1.9,1,0,0,0,3,1,35,0.5,6.59,47.0,47.8,38.4,38.1,44.7,4.0
4,0,18,3,0,3,1,1,6,5,1,1,5.6,1,1,1,1,1,1,36,1.6,4.4,53.7,49.1,36.7,31.4,50.0,4.0
7,0,18,5,0,2,2,1,2,1,0,4,6.0,1,1,0,1,2,2,21,5.4,4.85,69.2,52.5,54.5,61.9,61.0,5.57
3,0,20,6,0,3,1,6,7,1,4,3,6.8,1,1,1,1,3,3,28,2.9,6.1,32.4,44.8,56.9,68.7,64.2,4.95
6,0,17,3,0,1,3,4,0,3,1,1,2.3,0,0,1,1,2,4,40,0.6,5.64,24.5,23.1,72.0,20.0,49.2,4.0
6,0,20,6,1,2,2,4,2,5,3,3,6.8,1,0,0,0,3,1,0,3.0,8.11,55.9,63.3,85.2,60.7,67.4,6.86
7,1,23,3,0,3,0,4,1,5,4,1,4.2,1,0,0,1,1,3,8,2.1,5.7,66.5,36.5,59.3,46.4,68.3,5.24
0,0,21,0,1,1,0,6,3,2,5,4,3.7,1,0,0,0,2,5,27,4.1,5.93,29.4,36.8,55.1,56.3,48.1,4.22
2,0,21,7,0,3,3,7,0,5,1,3,4.3,0,0,0,0,4,4,26,2.8,9.48,76.3,54.4,63.4,57.8,75.4,6.04
6,1,21,9,1,0,3,0,5,1,1,4,6.8,1,1,0,1,3,5,6,4.9,7.39,52.2,36.2,78.9,76.2,54.5,6.45
0,1,21,7,0,1,1,1,1,1,1,2,1.4,1,1,1,1,2,2,6,2.8,9.0,47.7,51.7,66.0,63.0,78.6,5.72
7,0,23,6,0,3,1,2,0,2,5,2,1.8,1,0,0,0,3,1,37,3.0,8.01,25.7,53.2,57.2,52.6,48.4,4.13
5,1,21,2,0,4,2,2,6,1,2,2,4.0,0,0,1,1,3,5,32,1.3,9.42,30.8,43.0,55.6,55.6,48.3,4.49
5,1,19,3,1,0,3,5,6,5,5,2,4.8,0,1,0,0,5,5,25,0.4,4.18,43.6,33.3,42.5,31.5,48.9,4.0
0,1,17,5,1,3,0,2,1,1,4,1,3.8,0,1,1,0,1,4,24,0.8,7.82,38.5,42.2,34.2,49.4,57.7,4.47
4,1,17,6,0,0,1,2,0,1,2,4,4.8,1,0,1,0,2,2,36,5.0,7.01,30.1,68.6,66.8,29.7,43.7,4.69
2,1,18,9,1,0,0,6,4,1,3,3,0.7,0,0,0,0,1,2,18,0.4,7.45,58.8,20.0,32.1,40.2,61.7,4.0
2,0,19,4,0,2,3,1,4,3,4,2,2.0,0,1,1,0,1,5,39,4.2,8.59,84.7,52.3,66.6,41.4,51.1,5.09
5,1,19,4,0,0,3,4,3,4,1,3,6.4,1,1,1,1,2,5,38,5.2,8.09,54.1,37.0,79.8,64.1,59.9,5.72
4,1,17,7,0,4,2,3,4,3,1,1,2.3,1,1,1,0,5,5,2,5.9,4.09,52.7,32.2,68.1,61.9,66.8,5.39
6,1,19,5,1,3,0,7,7,3,3,2,4.2,0,1,0,0,3,5,18,5.2,5.47,62.8,44.1,52.8,52.5,55.4,5.24
5,0,17,8,0,4,1,1,4,1,2,2,0.8,1,0,0,1,1,4,2,1.6,7.53,38.2,79.5,76.5,60.6,56.1,5.46
4,0,20,4,0,1,3,0,5,5,4,3,0.7,0,1,0,0,5,2,1,2.0,8.98,38.0,55.1,54.0,29.9,64.1,5.03
4,0,23,9,1,3,4,1,0,4,1,2,1.5,1,0,0,1,2,5,18,2.0,6.37,37.1,36.9,40.7,27.5,60.1,4.0
2,0,21,1,1,1,3,6,2,4,4,4,0.8,0,0,1,0,1,5,5,1.7,7.66,47.3,51.7,63.1,71.9,54.0,5.49
1,1,22,5,0,4,0,4,7,1,0,4,4.8,1,1,1,0,3,1,22,3.2,4.27,49.1,52.7,47.6,49.2,62.4,4.53
6,0,17,2,1,1,0,3,3,3,1,3,4.0,0,1,1,0,1,3,9,5.5,4.15,33.9,36.7,37.8,53.0,48.4,4.36
6,1,20,6,0,1,3,7,7,2,3,4,4.5,1,1,0,0,3,3,12,5.0,5.76,55.7,63.0,61.6,43.1,47.4,5.43
2,1,20,2,1,0,2,7,3,4,3,2,3.9,0,1,1,1,4,5,8,3.6,8.78,53.8,61.1,50.7,67.6,72.6,6.36
0,1,20,4,0,0,3,1,6,1,0,1,6.8,1,1,1,1,5,5,24,5.4,6.13,43.1,65.3,61.3,51.9,82.8,5.73
2,1,17,1,1,3,3,5,1,4,5,2,6.0,1,1,1,0,4,4,20,2.6,7.05,28.4,38.6,70.3,64.8,58.1,5.53
4,0,19,2,1,1,1,2,4,4,3,3,4.8,0,1,0,0,2,1,18,1.6,6.63,57.6,39.9,85.2,29.2,57.4,4.56
7,1,17,8,0,0,4,2,4,1,1,1,3.3,0,0,0,1,4,3,7,4.3,9.52,77.4,72.7,55.9,57.3,69.3,6.67
2,0,23,0,0,0,2,0,3,3,1,1,5.8,0,1,0,1,5,3,12,5.0,7.97,61.6,54.5,62.9,58.6,73.3,6.5
0,1,19,7,0,3,1,6,1,2,0,1,7.6,1,1,0,1,4,5,39,1.3,5.07,38.4,50.9,41.3,61.6,48.4,4.11
1,0,23,8,1,3,3,5,3,5,1,3,1.2,1,0,0,0,3,2,27,0.7,6.79,39.0,45.6,40.7,22.2,51.6,4.0
5,0,22,8,0,2,2,4,5,1,3,3,2.5,0,0,0,0,4,4,16,5.5,5.61,47.8,35.8,58.8,39.6,46.5,4.58
1,1,23,0,1,1,4,2,2,4,4,3,7.3,1,1,1,0,5,2,10,5.0,6.37,61.0,50.8,74.5,75.9,60.5,6.72
0,1,17,4,0,4,3,6,2,2,2,3,0.7,1,1,0,1,4,4,8,4.9,9.26,58.5,49.0,41.2,55.3,62.7,5.6
1,1,22,6,1,1,4,1,3,4,3,1,2.8,0,1,1,0,5,4,24,1.7,4.56,62.0,39.0,23.4,48.6,45.1,4.0
3,0,22,2,1,4,0,6,4,5,4,4,6.3,0,0,0,1,3,3,9,4.9,9.85,70.3,65.7,77.4,52.0,71.2,7.4
5,1,17,7,1,3,2,3,0,1,2,4,7.0,0,1,0,0,3,2,20,2.8,6.9,32.0,44.4,55.7,23.2,58.0,4.79
1,1,18,9,0,1,1,6,7,1,1,4,1.8,0,1,0,0,1,3,7,2.6,5.77,65.1,35.3,35.1,44.8,44.5,4.29
1,0,21,8,1,4,4,1,6,4,0,3,7.5,1,1,0,1,3,4,11,0.9,4.4,67.9,52.3,68.0,76.8,55.2,5.72
3,0,21,5,0,2,4,4,3,1,0,3,2.6,0,0,0,0,3,5,34,3.8,5.22,36.7,36.8,48.7,51.7,45.3,4.0
4,0,21,6,1,4,3,4,0,1,0,2,1.2,1,1,1,0,1,3,4,5.4,4.31,37.7,49.7,52.3,43.1,55.8,4.54
4,0,23,2,1,2,2,3,7,5,0,2,7.6,0,1,0,0,4,3,7,3.3,6.61,59.7,61.9,57.6,74.3,61.8,6.23
0,1,20,1,0,0,1,6,3,5,0,1,4.9,0,1,0,0,5,1,38,1.6,7.88,36.2,32.9,68.9,45.5,52.6,4.35
3,0,21,7,1,1,3,7,2,3,4,2,5.8,1,1,1,0,1,1,28,3.8,4.37,64.8,57.8,63.3,50.5,57.1,4.98
6,1,21,1,0,3,3,2,7,2,3,2,6.0,1,1,0,1,3,5,12,4.1,6.46,41.2,38.2,73.6,55.6,62.3,5.67
5,1,21,7,0,0,0,0,7,2,2,1,6.3,1,1,0,0,1,2,19,5.0,7.85,65.8,51.5,63.6,51.9,81.2,6.34
1,0,18,6,1,3,1,4,1,2,0,3,2.4,0,0,1,0,3,5,23,2.1,7.85,28.1,50.6,53.5,44.6,59.9,4.32
0,0,19,3,0,2,4,1,7,5,0,3,2.1,0,1,1,1,4,2,29,3.5,6.23,31.4,54.9,68.1,50.5,39.0,4.04
3,1,20,7,1,2,0,0,3,3,0,4,4.6,1,0,0,0,4,4,15,1.5,6.24,39.5,65.3,45.7,87.0,70.8,5.2
2,0,20,3,1,4,0,0,0,3,3,2,7.6,1,1,0,1,1,3,9,4.8,6.75,63.7,61.9,83.3,87.6,70.1,7.26
0,1,20,0,0,1,4,3,2,4,0,3,1.2,0,1,0,0,4,2,6,2.3,5.91,60.4,40.3,47.9,58.6,46.2,4.23
4,1,19,7,0,1,4,0,4,3,2,3,4.3,1,0,1,1,2,4,12,0.3,5.81,61.3,54.9,57.8,58.1,52.2,5.17
5,1,19,2,0,1,3,7,6,1,2,1,5.4,0,1,1,0,2,5,32,2.3,6.73,20.0,49.5,36.8,63.6,54.1,4.4
2,0,21,1,1,2,4,3,7,2,1,4,7.0,1,1,1,0,5,3,12,3.1,7.69,71.0,48.6,62.3,62.5,76.1,6.38
3,0,19,2,1,2,0,1,0,3,2,4,0.6,0,0,1,1,3,1,34,4.4,5.49,43.7,39.2,40.8,20.0,39.0,4.0
5,1,23,9,1,0,0,3,3,1,0,1,3.4,1,0,0,0,4,1,11,5.7,5.54,36.2,28.8,64.5,41.1,65.7,4.8
7,0,21,9,0,0,2,6,4,4,2,2,2.6,1,0,1,0,3,1,26,1.2,8.69,40.4,35.9,31.0,53.4,51.6,4.1
0,1,22,1,0,0,4,1,6,5,1,3,4.6,0,1,0,0,3,3,28,0.9,9.13,31.7,47.0,59.7,62.1,44.9,4.98
2,0,21,1,0,1,4,3,1,3,2,4,5.6,1,1,1,0,5,4,26,6.0,4.14,71.8,49.4,50.4,55.8,66.9,5.31
2,1,20,8,0,0,4,1,0,2,5,4,4.6,0,1,0,0,3,3,40,0.6,9.31,66.3,35.9,42.2,60.1,35.9,4.59
5,0,19,7,0,1,3,1,2,5,2,4,5.4,1,0,0,0,4,2,40,0.2,5.35,29.1,30.1,60.5,51.7,48.1,4.0
0,1,21,7,0,2,0,5,4,2,1,3,5.9,1,1,0,1,3,2,18,0.4,4.19,33.2,38.2,46.7,34.1,55.2,4.0
5,1,23,6,1,1,1,6,7,1,5,1,5.6,0,0,0,1,4,3,34,0.7,8.66,35.1,30.7,64.1,48.9,52.3,4.3
4,1,19,2,1,3,0,7,0,3,3,1,5.9,0,0,0,1,2,4,13,1.6,5.98,47.0,36.9,52.3,30.8,60.8,4.51
5,0,23,7,1,4,2,2,0,2,3,3,0.7,0,0,0,0,2,5,40,1.8,8.28,34.7,29.8,45.6,32.6,31.1,4.0
7,1,17,8,1,1,4,2,1,3,5,4,4.1,1,0,1,0,5,3,24,5.2,6.91,61.9,65.4,70.1,81.2,85.7,6.42
6,1,19,8,0,1,2,7,4,3,1,4,4.8,1,1,1,0,1,4,40,0.6,5.98,59.1,47.7,28.6,38.9,69.4,4.0
3,0,21,9,0,1,2,0,4,2,5,4,1.8,0,0,1,1,1,2,33,1.8,5.25,37.8,56.9,36.5,38.8,47.2,4.0
2,1,20,0,1,0,3,4,7,5,3,2,5.0,0,1,0,1,4,2,37,4.8,7.69,49.2,47.7,55.1,31.6,51.4,4.77
5,0,22,3,1,4,1,3,1,5,3,3,5.2,1,1,0,1,3,5,30,3.0,5.07,51.3,28.5,74.7,66.5,49.5,4.97
1,1,23,0,0,1,2,1,3,5,1,1,5.6,1,1,0,1,2,4,10,5.1,7.66,81.5,87.3,84.5,60.7,74.3,7.13
7,1,19,7,1,2,1,1,3,3,5,3,3.9,0,0,0,1,4,1,26,2.1,8.83,70.6,41.5,70.6,50.7,59.1,5.56
7,0,17,1,1,3,2,4,4,5,3,4,6.9,1,1,1,1,3,4,37,2.8,9.83,75.6,59.4,50.9,28.6,55.8,5.79
4,1,17,4,1,2,4,3,6,3,4,4,1.5,1,0,0,1,2,5,19,3.4,7.37,36.9,50.8,36.5,43.5,39.1,4.15
3,1,23,0,1,2,3,4,0,3,1,2,4.0,0,1,0,0,5,1,8,0.7,6.46,36.9,56.9,68.8,55.9,68.0,5.01
3,0,17,9,1,4,3,1,3,1,5,1,4.7,1,1,1,0,5,2,4,4.6,6.59,57.8,72.4,79.7,45.7,66.1,6.28
6,0,21,2,0,3,4,1,2,5,1,1,0.6,0,0,1,0,2,5,20,3.2,7.92,56.9,69.8,76.5,36.5,54.0,5.01
0,1,18,3,0,0,0,2,0,5,2,1,3.0,0,1,1,1,3,2,27,5.9,5.4,69.7,35.8,77.8,54.5,61.4,5.07
4,1,20,8,1,0,3,6,5,2,0,4,4.9,1,1,1,1,2,2,7,5.6,8.44,32.1,92.1,58.9,66.9,79.0,6.9
5,0,21,0,1,0,0,5,5,4,4,3,3.2,0,1,0,0,2,1,24,5.3,4.1,67.9,39.2,53.8,44.3,57.4,4.3
3,1,21,5,0,3,0,2,4,3,2,4,6.7,0,1,1,1,2,3,7,4.7,4.18,61.7,68.3,46.5,77.8,63.9,5.97
3,0,17,7,0,1,3,2,5,5,5,2,1.7,1,0,1,1,4,1,7,5.8,6.79,29.6,67.5,38.3,66.4,63.5,5.39
5,0,19,5,1,4,2,7,6,4,5,2,1.4,1,1,1,1,1,4,18,5.3,4.63,51.4,56.2,49.3,40.5,72.7,4.68
7,1,19,2,1,1,4,2,5,1,0,2,0.6,1,1,1,0,3,1,36,2.9,9.15,53.3,64.8,59.6,40.9,61.5,4.65
7,0,17,3,1,2,1,1,3,4,3,4,5.5,0,0,1,0,4,1,34,0.8,5.36,36.5,42.7,38.5,40.4,57.0,4.0
4,1,23,9,0,3,4,4,0,2,4,2,6.0,0,1,1,0,5,2,33,1.0,4.95,36.9,26.6,55.8,38.6,67.7,4.0
4,1,19,4,1,2,3,5,6,4,2,2,5.9,0,1,1,0,5,3,13,5.5,7.68,66.2,58.3,60.8,66.6,76.9,6.49
0,0,23,5,1,3,4,4,4,3,4,2,7.7,0,1,0,1,5,2,13,2.7,8.03,59.6,55.6,72.2,68.6,78.7,6.84
5,1,22,7,1,0,4,6,0,1,5,3,7.1,1,0,0,1,4,4,37,1.0,8.26,59.5,35.5,50.0,66.2,70.5,5.33
6,1,23,7,1,3,0,7,1,3,2,3,3.6,0,0,1,1,1,4,15,3.5,5.33,39.7,51.9,77.2,50.3,44.1,4.82
4,0,17,6,0,4,0,7,7,2,2,4,6.6,1,0,0,0,5,5,2,5.6,8.88,50.4,49.0,70.9,65.5,73.2,7.11
6,1,19,2,0,3,2,3,3,3,0,3,3.8,1,0,0,0,2,2,35,4.6,7.28,42.4,58.5,40.8,70.6,67.7,4.84
6,0,21,9,0,2,2,7,7,4,2,4,5.3,0,1,0,0,3,3,28,5.4,8.53,67.0,50.1,72.1,67.9,76.1,6.29
7,1,20,6,0,1,0,7,5,3,0,3,4.5,0,1,0,1,3,5,36,5.8,5.94,52.2,70.0,53.2,57.2,58.3,5.1
0,1,18,8,1,1,1,2,1,2,4,4,6.8,0,1,0,1,5,5,25,3.8,9.33,79.1,51.3,52.0,20.0,66.7,5.76
6,0,18,1,1,0,1,3,4,5,3,2,1.2,0,0,1,1,3,5,14,2.8,7.45,66.7,52.2,40.4,49.6,62.2,4.89
5,1,19,7,0,0,2,7,1,5,2,1,5.9,0,0,1,0,2,4,19,3.2,8.05,48.1,69.6,82.5,34.1,72.6,6.21
6,1,21,4,1,4,0,7,7,5,1,2,6.0,1,1,1,1,4,1,21,0.5,9.68,24.9,39.2,51.1,65.7,61.6,5.25
6,1,17,3,1,1,3,1,6,1,0,3,3.5,1,0,1,0,4,1,33,1.5,9.28,62.5,50.1,48.7,41.2,82.9,5.05
3,1,19,2,1,0,4,3,7,2,0,4,1.9,1,0,1,1,5,3,36,1.1,6.64,52.4,20.0,21.8,38.6,33.7,4.0
2,0,19,0,1,1,4,0,7,4,0,2,8.0,0,0,0,0,1,5,4,2.0,6.19,62.6,82.9,70.5,75.1,54.9,6.95
5,1,23,9,0,2,4,5,4,3,2,2,3.9,1,0,0,0,4,4,5,2.9,6.95,49.6,68.1,50.8,68.1,66.4,5.75
3,1,18,0,1,4,4,0,3,1,3,1,0.9,0,0,1,0,5,1,27,4.4,7.14,50.7,54.1,41.6,20.0,72.8,4.5
0,0,17,8,1,1,4,2,2,4,0,1,7.4,1,1,0,1,4,2,23,5.5,6.41,70.0,72.1,57.8,53.0,80.8,6.38
7,1,22,3,1,0,3,5,5,3,0,4,2.4,1,0,1,0,2,2,4,3.8,4.69,64.7,40.8,60.8,63.8,66.7,5.14
4,0,21,3,1,4,2,7,7,4,0,1,4.7,0,1,1,1,4,4,6,0.7,4.23,47.1,53.1,55.0,47.7,50.7,4.64
1,0,21,4,0,1,2,2,2,2,2,3,7.4,0,0,1,1,4,4,9,5.7,7.03,65.5,78.5,57.6,82.7,81.1,7.29
0,0,21,5,0,4,2,2,7,1,1,1,5.1,1,0,0,1,2,1,14,0.0,4.02,59.4,49.0,29.8,36.1,54.6,4.0
2,1,22,7,1,2,4,5,6,2,5,4,5.1,0,0,0,1,4,5,23,1.3,5.72,42.4,20.0,44.6,54.6,63.4,4.41
4,0,18,4,1,3,4,4,5,2,5,3,2.1,0,0,0,0,4,4,24,2.8,6.03,40.5,36.3,40.5,43.4,49.3,4.0
6,0,21,2,1,2,1,5,0,4,4,4,2.8,0,1,1,1,3,5,10,4.0,9.62,25.9,67.3,69.5,58.8,58.8,5.93
1,0,21,8,0,3,2,6,4,2,1,3,5.1,1,1,1,1,1,1,3,2.0,4.54,65.8,46.7,57.6,20.0,60.5,4.88
6,0,20,1,0,2,2,7,0,2,0,4,1.4,0,1,0,0,2,1,9,5.5,4.58,75.9,52.5,39.5,51.7,57.4,4.59
6,0,21,6,0,3,0,6,3,3,4,3,1.0,1,0,0,1,1,2,40,1.9,8.27,44.3,35.0,26.6,24.6,67.7,4.0
4,1,19,3,0,4,2,2,6,3,0,1,5.4,0,0,0,0,3,1,17,4.5,8.56,51.8,56.7,56.3,56.0,79.2,6.17
3,0,20,8,1,3,3,2,1,4,2,3,6.5,0,0,0,1,3,3,35,1.2,5.69,59.1,50.9,40.6,24.5,70.8,4.2
2,1,23,5,0,1,0,0,3,1,0,2,6.3,1,1,1,0,5,1,9,3.5,9.79,81.0,56.1,58.0,80.7,67.0,6.99
1,1,22,0,0,0,0,2,5,2,0,1,5.9,0,0,1,0,2,4,38,4.2,6.82,47.0,29.8,62.5,38.5,53.1,4.49
0,0,18,9,0,0,0,4,0,3,0,2,3.5,0,0,0,1,4,3,22,4.4,7.18,28.3,20.0,53.8,73.5,60.3,4.7
6,1,21,2,0,3,0,7,3,5,2,1,4.8,0,0,0,0,3,4,19,4.6,5.88,63.2,52.0,56.1,52.9,55.4,5.49
5,0,23,2,1,3,3,0,0,4,1,1,7.1,0,0,1,0,3,1,27,4.7,7.97,66.7,71.3,65.1,64.6,61.5,6.54
6,1,17,7,1,1,2,1,4,2,1,4,3.7,1,0,1,0,1,1,20,4.2,7.65,62.7,62.2,48.6,53.3,35.0,5.21
1,0,22,3,1,4,0,0,1,3,5,3,6.6,1,0,0,1,1,4,23,2.5,5.26,47.5,58.6,64.4,44.4,83.3,5.15
7,0,21,1,0,1,2,4,4,2,1,4,7.2,0,1,0,1,5,3,5,3.2,6.78,86.1,38.2,63.0,54.5,61.6,6.27
7,1,19,4,1,1,1,2,3,3,3,4,4.7,0,0,0,0,5,5,12,4.9,7.88,75.2,50.3,76.1,73.5,64.3,6.46
7,1,23,2,1,0,2,1,4,2,2,1,0.7,0,1,0,0,2,4,40,2.3,4.94,23.3,36.6,51.9,29.7,47.1,4.0
7,1,21,5,1,0,0,2,3,5,1,3,1.6,0,1,0,0,4,2,20,3.7,8.56,40.5,37.1,53.3,45.2,40.2,4.43
1,0,17,0,0,1,0,0,4,1,2,3,3.0,0,0,1,0,4,5,3,3.1,7.85,47.8,56.8,69.0,32.2,57.5,5.4
7,1,18,4,0,0,1,6,2,1,0,2,7.6,1,0,0,0,4,1,32,4.6,6.95,43.2,34.1,55.4,53.4,55.9,5.0
5,1,19,0,1,4,1,5,4,2,3,1,7.4,0,0,0,0,2,2,38,1.5,5.17,57.3,36.3,43.3,34.6,29.4,4.0
4,1,18,0,0,3,0,4,4,5,5,3,6.7,1,0,0,0,1,2,36,5.3,9.06,57.6,57.7,84.4,60.0,69.3,6.44
4,0,20,2,0,3,3,1,4,1,3,1,7.1,1,1,1,0,1,3,28,2.3,7.41,57.5,56.7,61.7,64.9,44.9,5.68
2,0,20,4,1,0,0,1,0,3,1,2,1.4,1,0,1,1,1,1,15,2.7,9.32,45.4,37.5,69.5,52.8,71.4,5.32
0,1,20,2,0,0,3,5,6,4,0,1,4.8,1,1,0,0,4,2,17,0.1,5.63,55.8,39.8,53.0,50.0,44.7,4.07
4,0,23,8,0,2,2,7,3,4,1,2,3.3,0,1,0,0,4,2,37,2.4,6.8,36.2,49.8,55.8,22.4,38.4,4.0
6,0,17,6,1,1,2,3,6,4,3,2,7.2,0,1,0,1,5,2,13,4.9,6.38,72.0,33.1,79.2,59.1,54.2,6.11
7,1,22,8,1,3,0,3,3,5,1,4,2.1,0,0,1,1,4,2,12,4.3,9.36,78.3,47.2,32.0,55.6,58.8,5.56
4,0,23,8,0,1,0,2,2,3,4,2,1.9,1,1,0,0,1,4,22,4.0,4.06,34.8,36.4,43.0,54.7,36.8,4.0
3,0,17,7,1,2,0,1,6,4,3,1,3.7,0,0,1,0,1,4,5,2.8,7.26,75.2,64.1,54.9,25.8,47.7,5.49
0,0,17,1,1,4,3,4,5,1,4,2,5.0,1,0,1,1,4,3,36,2.3,9.55,47.9,45.0,39.5,40.3,36.9,4.64
7,1,17,3,1,3,0,0,7,2,1,4,2.4,0,1,0,1,3,2,14,2.0,8.1,52.9,37.5,34.7,55.6,59.2,4.61
1,1,22,6,0,3,3,3,5,1,5,3,5.3,1,0,0,1,3,4,35,4.2,4.4,71.3,58.7,44.9,34.2,47.4,4.41
1,1,17,5,0,4,1,4,6,5,2,3,4.1,1,0,1,1,2,2,9,1.8,8.48,45.6,62.0,59.2,56.9,56.3,5.72
3,0,23,5,1,1,3,4,4,4,1,4,2.1,1,0,1,1,2,5,9,5.2,4.41,20.0,47.1,49.0,49.0,60.7,4.17
6,1,23,3,1,0,3,2,3,4,4,2,5.5,0,0,0,1,2,4,39,5.7,7.06,26.7,62.9,49.4,43.5,46.7,4.71
2,0,21,4,1,0,4,7,0,1,2,3,3.4,0,0,0,0,3,4,32,2.9,8.54,55.7,29.1,33.9,39.0,39.5,4.0
1,0,19,0,1,2,4,7,1,3,2,3,5.0,1,0,0,1,5,2,22,5.8,5.15,42.7,68.2,55.5,73.0,58.3,5.45
1,0,18,1,1,1,3,0,7,3,5,2,2.0,0,1,0,0,2,4,30,4.3,9.59,36.4,49.8,53.7,55.2,63.7,5.18
4,1,17,8,1,3,3,1,5,2,2,1,7.9,0,1,0,0,4,3,7,0.8,4.74,58.8,20.0,65.4,58.3,73.6,5.41
1,1,22,2,0,0,4,2,2,1,2,3,2.6,1,1,1,0,5,3,15,0.9,7.32,43.8,54.2,60.5,24.3,59.9,4.64
1,1,21,6,1,3,0,7,4,4,0,2,3.9,1,1,1,0,1,1,15,4.0,6.61,72.1,33.2,51.3,59.0,68.5,5.3
5,0,18,2,1,0,4,1,4,4,1,3,2.9,0,0,0,1,3,2,4,3.6,8.19,36.4,68.1,61.9,66.9,55.9,5.88
7,1,20,6,1,0,4,4,7,4,5,1,3.4,0,0,0,1,4,4,28,5.5,4.54,47.0,54.7,24.9,83.9,49.3,4.54
0,1,20,1,0,1,0,0,7,5,5,1,2.4,0,0,1,0,2,4,17,5.2,5.12,43.5,52.8,77.8,63.2,49.2,4.9
1,0,21,7,1,1,1,2,4,5,5,1,1.0,1,0,1,1,4,5,23,4.3,4.92,56.0,40.4,75.0,48.9,55.6,4.3
3,1,20,5,0,0,3,0,0,2,3,3,4.8,0,0,1,0,2,1,15,1.0,7.64,88.3,57.5,61.2,59.4,46.3,5.53
4,0,21,7,1,4,4,5,1,5,1,2,4.3,0,1,1,1,1,5,23,5.1,4.69,64.4,43.8,57.2,57.0,44.4,5.03
0,0,23,5,1,4,1,1,5,2,0,1,7.3,0,0,0,0,4,4,23,5.3,6.78,54.4,58.4,87.5,49.7,73.7,6.3
3,0,20,2,1,0,4,1,3,5,3,4,0.8,0,1,0,0,2,3,32,1.0,9.95,55.3,56.1,46.5,46.0,52.2,4.66
3,0,20,1,1,2,4,3,1,3,4,1,7.1,0,0,1,1,2,4,21,4.0,6.64,55.4,45.2,79.0,82.5,73.5,6.45
4,1,17,4,1,0,1,4,5,5,0,4,6.5,1,0,0,1,1,1,10,5.2,5.59,53.3,57.0,30.3,67.3,76.9,5.77
2,0,23,1,1,3,2,3,3,5,0,3,6.5,1,1,1,0,4,3,21,5.6,5.8,100.0,51.0,80.0,66.7,70.3,6.66
1,1,23,8,0,3,1,7,3,4,5,4,3.6,0,0,1,1,2,5,30,5.7,7.98,56.9,20.6,68.4,57.9,50.5,5.28
3,0,19,0,1,1,3,6,5,5,0,4,3.7,1,0,1,1,3,2,38,2.0,6.26,48.2,43.9,48.7,42.5,39.9,4.0
2,1,17,4,1,1,0,0,1,3,5,3,5.5,1,1,1,0,3,1,2,6.0,4.49,60.5,58.3,84.0,49.7,83.1,6.16
5,1,19,6,1,4,4,7,1,2,4,4,5.0,0,1,1,0,5,2,18,0.2,9.11,40.7,32.4,60.9,40.4,51.4,4.86
4,0,23,8,1,2,1,4,6,2,5,2,0.8,1,1,1,1,4,2,9,4.3,5.69,43.0,57.0,55.1,66.1,37.7,4.82
7,1,20,4,1,1,3,4,3,1,4,1,6.8,0,0,1,0,4,4,20,2.7,8.89,56.4,34.7,45.6,28.5,65.3,5.04
1,1,23,5,1,3,0,6,3,2,4,2,2.3,0,0,1,1,4,1,0,3.8,8.27,58.8,40.7,73.4,55.9,68.0,5.74
0,1,19,9,1,4,3,4,5,1,1,3,4.5,0,1,0,0,1,4,37,3.8,8.75,20.7,51.3,78.0,36.7,51.4,4.76
6,1,20,3,1,0,1,1,5,3,4,2,0.8,0,1,0,1,4,1,4,4.8,5.64,55.4,31.4,41.2,57.7,73.4,4.63
7,1,20,6,0,4,4,1,7,2,1,3,1.8,1,1,0,1,3,2,30,0.1,4.78,37.7,25.7,32.9,21.3,27.0,4.0
0,1,19,0,1,2,4,7,7,2,4,1,7.7,1,0,1,1,4,3,7,3.0,9.01,48.4,59.4,53.3,68.0,74.8,6.66
2,0,18,2,0,4,2,2,7,1,0,2,3.1,1,0,0,1,3,4,27,0.6,7.07,47.8,33.8,55.4,63.7,54.5,4.08
2,1,23,7,1,3,2,3,4,1,4,4,1.9,0,1,0,0,4,1,20,5.2,4.51,55.2,28.2,44.2,43.2,60.5,4.15
6,1,21,4,1,1,2,5,1,1,4,1,7.5,1,0,0,1,3,3,26,5.9,9.85,50.7,71.0,65.6,48.2,77.6,6.85
1,1,23,5,0,2,0,7,1,3,2,1,1.9,1,1,1,1,3,3,35,4.5,9.48,68.0,56.5,75.9,38.4,35.8,5.05
7,1,20,4,1,3,0,3,1,1,0,1,1.2,1,1,0,1,4,3,25,3.3,5.59,27.9,32.0,49.3,38.4,58.1,4.0
2,1,20,8,0,1,4,4,5,1,5,3,4.8,1,0,1,1,4,2,39,4.0,5.15,32.2,40.8,36.6,56.4,59.9,4.0
0,1,22,2,1,4,3,2,7,4,3,2,6.1,1,1,1,1,2,1,14,6.0,8.47,61.4,42.3,74.6,72.2,84.6,7.03
0,1,23,4,1,0,2,4,6,2,0,1,7.0,0,0,0,0,4,2,40,0.9,6.34,52.1,60.0,57.7,41.8,44.2,4.34
3,0,17,2,1,1,0,2,6,5,2,2,3.6,0,1,0,0,2,4,0,2.8,8.58,72.2,61.8,60.2,68.5,72.1,6.81
5,0,19,5,1,1,3,0,2,2,5,4,3.4,1,1,0,0,5,3,6,1.6,7.95,60.3,30.7,73.6,56.5,66.8,5.45
7,0,23,8,0,3,4,2,0,1,2,4,4.8,1,0,1,1,1,3,27,1.5,8.83,33.3,38.7,40.5,20.0,49.6,4.19
4,0,21,8,0,2,0,3,3,4,0,3,4.2,0,1,1,1,5,2,14,2.5,4.26,31.3,49.6,52.9,42.8,68.9,4.33
1,1,22,8,0,2,0,2,1,1,3,4,1.4,0,0,1,1,3,2,39,0.7,8.83,40.9,20.0,27.5,20.3,59.1,4.0
1,1,23,7,0,3,2,7,7,5,3,2,7.4,0,1,0,0,3,4,35,4.2,4.16,67.7,60.1,66.1,54.1,62.3,5.41
3,1,18,8,0,1,2,6,2,4,0,2,0.7,1,0,0,0,2,1,10,2.8,4.05,32.4,53.9,39.4,20.0,65.8,4.0
0,1,18,2,0,3,1,0,1,5,5,3,7.1,1,1,0,0,2,5,28,1.7,5.56,58.0,71.5,58.2,51.1,52.9,5.34
5,1,23,6,0,1,0,4,7,5,1,4,7.3,1,1,1,1,2,2,3,3.1,7.64,71.0,54.8,57.9,60.1,63.7,6.56
6,1,23,5,0,3,3,4,0,2,5,1,4.4,0,1,0,1,3,4,10,4.1,9.96,57.3,60.1,67.1,60.5,66.1,6.57
3,1,19,5,0,0,1,6,7,4,3,3,0.9,1,1,0,0,4,1,32,3.9,8.52,43.9,47.8,55.6,27.8,42.2,4.01
5,1,18,5,1,4,4,2,3,4,1,1,4.3,0,1,1,1,1,3,15,2.3,7.82,73.5,63.4,58.3,63.3,58.7,6.02
4,1,23,3,0,2,2,2,3,3,0,4,6.0,1,0,1,0,2,2,26,3.6,7.69,41.8,55.6,80.2,55.3,67.0,5.44
1,1,17,4,1,0,0,5,1,5,4,1,2.5,0,1,0,0,2,5,12,2.3,8.58,47.1,49.3,56.3,61.2,74.3,5.56
7,1,21,6,1,3,2,0,2,2,1,2,3.3,0,1,1,0,3,1,29,5.2,8.93,41.1,85.1,47.8,60.8,59.5,5.4
3,1,20,8,1,2,4,0,1,2,5,1,5.5,0,0,0,0,3,3,32,3.5,8.89,20.7,49.0,59.7,30.5,51.3,4.91
1,0,19,5,1,4,0,3,2,3,5,1,7.9,0,1,1,1,2,3,12,5.0,5.55,52.7,78.1,59.7,68.5,72.3,6.59
2,0,21,7,0,4,0,4,4,5,4,2,4.2,1,0,0,1,1,4,2,4.3,9.74,80.1,52.6,48.1,63.6,66.7,6.99
5,0,23,9,0,0,1,4,2,1,3,1,3.0,0,1,1,1,2,4,21,2.8,8.22,47.6,57.2,59.6,48.7,55.0,4.83
3,1,20,1,1,1,0,7,1,5,4,1,7.0,0,1,0,1,2,4,33,2.9,9.03,34.0,40.8,53.0,59.8,58.1,4.96
1,1,18,7,1,2,2,5,7,1,2,1,5.7,0,1,0,1,3,1,21,1.4,9.61,20.0,64.6,56.3,36.0,73.5,5.41
4,1,17,8,0,4,1,3,5,4,3,1,6.6,1,0,1,0,1,3,13,0.6,5.05,60.5,79.9,46.0,76.0,56.3,5.58
2,0,22,7,1,4,1,4,1,3,5,1,1.4,0,1,0,1,3,3,15,2.9,8.0,20.4,38.0,56.0,52.8,57.5,4.64
2,1,17,1,1,0,4,2,3,5,3,1,6.5,0,1,1,0,3,5,10,2.4,7.59,30.2,44.5,50.5,70.6,75.4,5.56
7,0,17,9,1,1,4,3,5,5,0,2,3.0,1,0,1,0,5,5,12,5.7,9.34,82.0,74.8,69.2,52.9,72.5,6.78
4,0,21,9,0,3,4,2,6,2,1,1,3.9,0,1,0,1,2,3,35,5.7,8.35,40.9,47.6,47.9,35.1,53.9,4.91
1,1,23,3,0,2,3,7,0,5,3,4,3.1,1,0,0,1,4,3,5,4.7,6.29,45.7,63.2,81.2,68.6,75.4,6.24
4,1,22,5,0,4,2,3,7,3,0,3,3.5,1,1,0,0,1,1,10,2.9,5.34,79.0,50.6,45.7,58.2,62.3,5.19
3,1,23,2,0,0,0,4,3,1,4,1,3.3,1,0,1,0,5,1,20,0.3,6.45,53.1,58.8,54.7,62.8,42.7,4.44
1,1,22,1,0,2,2,2,6,4,1,3,3.4,1,0,1,0,4,2,38,0.8,4.12,46.1,20.0,27.3,41.1,37.4,4.0
3,1,21,6,0,2,0,5,1,1,0,2,2.0,1,1,1,0,3,2,12,2.1,9.77,65.6,60.3,58.5,54.0,72.5,5.54
1,1,17,6,0,0,3,7,4,4,0,3,1.5,0,0,0,1,2,2,28,0.4,8.01,36.4,47.3,73.7,51.4,53.4,4.12
1,0,19,9,0,0,3,1,1,1,0,4,2.0,0,1,0,0,5,1,9,5.4,8.45,35.7,50.5,61.6,50.7,67.7,5.28
5,1,17,8,1,4,3,0,3,4,5,4,2.3,0,1,1,1,5,2,34,4.1,5.91,53.7,43.5,48.8,20.0,69.1,4.12
4,0,22,0,1,3,0,5,6,2,1,2,7.0,1,0,1,0,5,2,5,4.0,5.03,62.4,70.2,63.0,56.0,52.4,6.2
6,1,23,1,1,0,2,5,0,1,3,2,1.0,1,0,0,0,5,1,35,3.5,8.64,40.2,53.6,39.2,35.6,48.2,4.0
1,1,17,1,0,4,1,5,1,5,2,2,2.7,0,1,1,0,3,4,40,3.3,6.75,56.0,20.0,45.2,31.3,48.6,4.0
4,0,20,7,0,4,1,2,6,3,1,1,7.7,1,0,0,0,4,5,9,5.1,7.45,51.1,70.2,84.2,45.3,82.5,7.21
0,0,22,4,1,4,0,5,0,2,2,1,5.7,1,0,0,0,5,3,29,3.4,4.18,57.1,54.5,33.9,43.7,51.7,4.4
7,1,21,2,1,4,3,4,0,3,3,3,1.9,1,1,0,0,2,2,34,5.8,9.54,62.5,44.0,58.3,56.7,55.0,5.32
6,0,18,1,1,1,4,0,5,5,0,2,3.1,0,1,1,1,5,4,23,2.2,9.71,40.6,50.2,38.9,70.4,53.3,5.39
5,0,23,3,0,0,1,1,7,5,3,1,7.4,1,0,0,1,1,2,33,5.0,6.0,56.6,75.4,69.2,62.3,59.0,5.95
7,0,17,1,1,1,0,4,0,3,3,2,6.6,0,1,1,0,4,3,2,0.1,7.72,65.1,53.3,76.7,39.5,61.9,6.16
2,1,23,1,0,3,3,7,6,5,4,2,6.2,1,0,0,1,2,5,33,3.3,8.6,31.2,69.0,74.3,49.1,78.0,5.83
4,1,19,6,1,3,4,6,1,3,0,2,4.2,0,0,0,0,5,4,23,4.8,5.9,47.2,32.2,59.4,59.3,80.9,5.12
2,0,19,4,0,0,0,2,0,3,2,2,4.9,1,1,1,1,1,3,20,0.4,4.03,43.7,46.6,55.5,65.7,47.7,4.08
2,0,19,3,1,3,4,6,0,4,5,2,3.7,0,0,0,1,1,2,23,5.1,9.91,45.9,25.0,53.0,89.2,69.3,6.05
1,1,22,5,0,0,1,4,0,1,5,3,5.2,1,0,1,1,5,2,26,1.6,4.96,42.1,29.0,57.4,47.5,41.3,4.0
2,0,18,5,1,3,3,3,1,3,3,3,4.1,0,1,1,0,2,5,5,3.1,8.65,51.5,44.5,76.3,49.5,65.7,5.94
1,0,17,7,0,0,3,4,4,4,5,2,7.4,1,1,0,1,2,2,36,5.7,9.46,61.7,69.5,66.1,65.1,58.5,6.67
2,0,18,9,0,1,1,3,3,2,3,2,2.9,0,0,0,1,4,4,31,1.3,8.85,35.1,71.4,39.9,39.6,50.9,4.6
5,1,18,7,1,0,1,0,6,1,0,1,3.0,0,0,1,1,4,3,8,3.5,7.35,60.8,44.9,69.8,73.4,59.9,5.6
6,0,22,4,0,1,0,2,1,5,1,4,4.4,0,0,1,0,5,3,11,1.4,7.21,74.2,39.3,75.7,41.4,61.0,5.39
3,0,19,8,1,0,4,3,7,4,4,3,6.8,1,1,1,1,2,5,10,4.7,8.38,53.6,56.4,79.8,67.5,58.3,6.9
0,1,21,8,0,4,3,6,7,2,5,4,1.2,1,1,0,1,2,2,7,1.2,4.71,36.3,24.1,36.7,49.6,50.9,4.0
2,1,17,2,1,0,1,0,2,1,3,1,3.8,0,0,1,1,5,2,2,1.8,5.15,42.8,53.9,62.3,51.5,49.2,4.52
7,1,18,3,0,0,0,1,2,5,5,4,5.2,1,0,1,0,2,2,38,1.7,4.77,53.4,26.7,44.9,31.6,67.0,4.0
2,1,23,8,1,1,4,6,2,1,0,4,1.4,0,1,0,0,5,3,34,2.2,5.84,46.2,31.5,70.8,44.2,58.8,4.0
3,1,20,4,1,0,2,0,6,2,3,4,2.6,1,1,0,1,4,4,37,0.1,5.37,44.5,42.0,26.3,20.0,40.2,4.0
1,1,18,3,0,1,0,7,2,5,2,4,7.7,0,0,0,0,5,1,23,2.7,8.06,68.7,53.0,53.6,60.1,63.4,6.15
2,1,23,3,1,3,0,7,2,5,4,1,6.5,1,1,1,1,4,5,14,0.6,6.39,56.8,48.7,68.9,71.6,52.7,5.57
6,0,17,5,0,0,2,2,6,1,0,1,3.6,1,1,1,0,2,3,5,5.8,8.88,52.7,92.8,79.8,57.7,72.5,7.19
2,1,17,4,1,1,2,3,6,4,5,4,5.0,0,1,1,1,5,1,21,1.2,8.03,56.0,41.3,36.2,65.5,66.9,5.01
7,0,20,2,0,0,2,7,4,2,5,4,0.6,1,0,0,0,4,1,19,5.8,7.76,53.3,46.9,62.8,59.3,44.9,5.0
7,1,17,3,0,4,4,7,1,5,4,3,2.4,1,0,1,1,3,5,38,3.0,8.85,40.1,69.3,64.9,20.0,45.1,4.77
5,1,22,0,0,3,4,6,7,4,1,3,1.3,0,1,1,1,4,3,3,2.9,7.43,52.6,74.8,58.3,38.4,64.0,5.69
7,1,21,7,0,0,2,0,5,2,4,2,4.0,0,1,1,1,4,1,10,4.0,7.96,40.3,38.3,57.9,82.5,72.5,5.66
2,1,19,6,1,1,0,7,6,1,5,3,7.5,1,1,0,0,3,5,8,1.0,4.72,82.6,44.4,40.8,53.1,66.2,5.74
6,0,17,9,0,0,0,1,2,4,1,3,4.0,1,1,1,0,5,1,19,3.6,4.55,45.8,43.0,68.2,75.0,51.2,4.61
1,0,21,9,0,3,3,6,2,3,4,3,2.2,1,0,1,0,1,3,27,0.3,9.4,40.8,38.0,45.9,76.3,49.7,4.45
6,0,19,0,1,4,3,0,1,1,3,4,5.8,0,0,0,1,3,5,27,0.2,6.72,44.3,48.7,66.6,48.6,58.7,4.78
6,1,23,2,1,4,4,0,2,5,3,2,2.5,0,1,1,0,2,3,25,2.9,9.94,52.5,36.1,46.0,46.4,57.6,5.06
7,1,18,0,0,2,4,0,4,4,4,2,2.1,0,1,0,1,2,1,16,1.9,7.07,26.6,57.6,43.3,20.0,38.4,4.1
7,0,18,3,0,4,0,5,3,1,0,3,2.6,0,0,1,0,4,1,33,0.8,5.55,20.0,30.7,32.5,26.0,61.4,4.0
4,0,23,9,0,0,2,7,6,3,1,1,6.4,0,1,0,0,3,5,27,3.7,7.23,57.6,42.8,71.0,52.9,54.1,5.35
4,0,22,0,1,2,4,1,3,1,4,1,5.1,1,1,0,0,2,4,2,2.1,4.42,74.0,62.7,81.3,66.4,46.6,5.7
4,1,20,1,0,3,1,7,1,3,2,1,3.3,1,1,1,0,2,3,33,5.8,5.5,80.1,56.4,73.1,50.7,54.7,5.6
4,0,20,2,0,2,3,1,0,1,2,3,3.7,0,0,0,0,5,1,36,2.7,9.72,49.5,20.0,55.5,62.0,45.3,4.5
0,0,19,2,1,1,1,5,3,3,4,1,3.5,0,0,1,1,1,4,10,5.1,4.71,57.9,57.5,58.8,38.5,71.9,5.17
5,0,20,5,1,4,0,5,2,1,4,2,2.6,1,1,0,0,5,5,40,2.3,4.36,41.9,20.0,57.9,41.8,37.3,4.0
5,1,18,0,0,4,4,3,6,1,2,4,1.5,0,0,1,0,1,2,7,5.5,4.32,39.8,46.1,55.6,34.8,59.0,4.58
4,1,20,9,1,1,2,1,0,3,0,1,5.5,1,0,0,0,3,1,2,4.1,6.58,55.4,69.6,58.7,50.5,72.0,6.26
2,1,18,8,0,3,2,6,7,4,1,4,6.2,1,0,1,0,2,1,12,5.2,7.33,55.2,64.8,78.6,69.4,66.1,6.54
3,1,21,2,0,0,2,3,4,1,1,2,2.9,1,0,1,0,2,3,0,0.2,9.52,48.0,34.6,62.8,58.4,69.7,5.4
7,1,23,2,1,1,2,1,1,3,2,3,3.7,1,0,1,0,5,5,13,2.7,8.71,71.4,65.3,45.3,31.7,62.4,5.51
2,1,21,7,1,4,3,5,0,5,4,3,7.9,0,0,1,0,1,3,28,4.1,5.52,59.1,77.8,84.0,25.9,39.4,5.52
7,1,19,5,0,4,1,6,0,5,0,2,4.8,1,1,1,0,1,4,10,5.7,7.4,79.8,59.4,64.2,63.6,51.0,6.43
1,1,17,4,0,0,1,4,0,1,4,1,5.7,0,0,0,0,1,1,1,3.0,7.79,49.1,40.9,66.9,43.4,64.4,5.72
2,0,18,1,1,0,2,2,4,5,2,3,5.4,1,1,0,0,4,5,8,1.2,5.86,67.5,40.2,70.5,34.6,69.6,5.35
3,0,23,2,0,0,2,1,3,5,1,4,6.8,0,1,1,0,4,4,27,1.6,4.44,60.6,39.8,37.4,70.5,53.1,4.33
0,0,17,7,1,0,3,1,6,1,3,1,3.3,1,0,0,1,3,5,9,2.3,8.35,40.4,46.2,48.3,64.5,68.7,5.38
4,1,20,9,1,4,0,3,2,3,3,4,1.9,0,1,0,0,1,5,15,0.8,9.66,68.2,66.6,54.7,36.6,65.0,5.22
1,0,17,3,0,4,0,3,0,1,1,3,3.0,0,1,0,0,4,3,5,4.0,4.83,45.6,66.0,57.2,45.9,50.3,4.62
1,0,17,6,1,1,3,1,0,2,0,4,3.0,1,0,1,0,3,3,8,0.6,7.32,44.5,36.8,57.0,47.5,47.3,4.64
3,1,18,1,1,0,4,2,2,1,5,4,2.1,0,0,0,1,4,2,13,5.0,5.67,75.9,20.0,25.3,47.6,39.2,4.0
7,1,17,0,1,4,4,0,0,3,5,4,2.3,1,0,1,0,5,3,0,2.9,4.35,42.0,64.1,48.3,21.4,71.7,4.77
3,1,23,7,0,0,2,0,5,1,5,1,6.1,1,0,1,1,2,1,2,2.8,8.86,43.2,47.9,79.6,62.3,84.5,6.46
2,0,21,1,1,1,1,6,5,5,3,2,7.0,0,0,1,0,3,4,7,2.5,8.4,85.8,53.9,60.2,62.1,51.9,6.64
2,1,23,0,0,2,2,2,0,3,3,4,2.2,1,1,0,0,2,3,28,1.5,8.58,51.2,32.9,61.4,39.3,72.0,4.71
4,1,22,2,1,1,4,4,1,3,3,2,4.6,1,0,1,0,3,4,8,3.2,5.99,81.0,62.5,78.4,47.9,56.1,6.1
6,0,17,1,1,1,1,0,2,5,4,3,7.3,0,1,1,0,3,1,38,0.6,5.4,90.7,30.2,36.6,50.4,43.2,4.38
3,1,19,3,1,3,0,0,0,1,1,3,7.4,0,0,1,1,1,1,8,1.1,9.41,64.5,28.7,43.8,86.9,85.7,6.47
3,1,19,0,1,1,1,3,1,4,5,3,0.7,0,1,0,1,4,2,8,2.8,7.3,67.0,36.5,42.4,40.9,62.2,4.64
2,1,17,2,1,4,1,1,2,2,5,1,0.5,0,1,1,1,4,1,32,3.7,9.83,43.3,47.4,44.4,63.8,58.4,4.79
6,1,21,1,1,1,2,3,0,1,2,4,1.0,1,0,0,1,1,4,36,2.6,9.48,43.8,35.6,28.4,36.2,46.7,4.0
0,0,21,3,0,1,1,1,1,5,5,3,7.0,1,1,0,0,4,4,10,2.0,4.05,62.9,64.1,74.9,58.1,72.6,5.81
1,0,18,3,0,3,4,1,0,5,4,2,5.5,1,1,1,0,3,1,4,0.1,8.72,41.1,49.1,82.1,43.4,74.3,6.05
4,0,18,4,0,0,0,5,5,4,0,2,5.1,1,0,0,0,3,5,35,4.7,7.26,43.6,64.7,59.5,60.5,58.2,5.08
7,1,20,4,0,1,3,0,2,2,1,3,3.2,1,1,0,0,4,1,38,0.8,9.44,62.1,56.5,52.8,35.7,51.1,4.5
0,0,22,5,0,4,1,7,3,5,4,4,5.9,0,1,0,1,1,5,27,1.3,6.23,43.7,45.6,45.4,43.8,57.2,4.3
5,1,22,0,1,4,4,2,2,3,0,4,4.5,1,1,0,1,5,5,30,5.4,8.82,49.8,86.4,59.1,60.9,73.5,6.51
1,0,18,4,0,1,4,4,1,5,0,2,1.5,1,1,0,1,3,3,31,5.9,7.93,45.8,20.0,67.3,32.7,82.3,5.01
6,1,22,4,0,0,1,2,4,1,2,2,2.1,1,1,0,0,3,2,6,1.5,8.31,73.7,54.1,58.9,55.8,56.7,5.45
7,0,18,4,0,2,4,4,6,4,1,3,3.5,1,1,1,1,1,2,38,0.5,8.1,58.6,20.0,57.7,50.0,53.6,4.16
1,1,17,4,1,1,4,1,7,5,1,4,1.7,1,1,1,0,4,1,32,0.3,6.44,67.9,20.0,20.0,59.6,28.8,4.0
3,0,18,2,0,0,4,5,3,3,4,3,4.9,0,0,1,0,4,4,12,4.1,7.63,60.6,63.5,60.5,58.8,59.0,5.94
5,1,18,5,1,1,3,7,7,3,0,3,2.1,0,1,0,0,3,2,6,4.1,9.1,31.7,28.1,45.8,52.1,86.9,5.34
2,0,18,8,1,0,4,5,1,2,0,3,6.5,1,0,0,1,3,1,23,3.2,5.35,50.3,57.7,64.6,28.6,59.2,4.97
6,0,20,4,1,2,2,6,5,5,5,3,4.2,0,0,0,0,2,3,15,2.6,7.39,63.5,49.8,42.7,68.2,62.1,5.33
2,0,18,3,0,0,1,3,1,3,4,1,4.8,0,1,0,1,4,5,9,1.9,9.64,43.9,48.4,65.7,50.1,68.9,5.79
5,0,18,8,1,4,0,1,0,4,4,3,0.9,0,1,1,1,4,1,19,4.7,9.32,55.9,71.1,43.2,55.3,52.0,5.27
2,1,17,9,0,3,4,3,0,2,4,1,3.3,0,1,0,0,2,2,23,4.9,7.95,51.5,42.0,68.0,42.4,52.4,5.2
5,1,17,7,0,1,0,5,3,2,0,4,4.0,1,0,0,0,4,2,12,2.8,4.67,66.0,36.9,73.4,56.7,51.2,4.59
5,1,17,1,1,4,0,2,2,2,1,2,6.0,1,0,1,0,4,2,7,2.6,7.63,62.0,74.2,69.7,37.2,69.4,6.41
2,0,18,4,0,0,1,5,3,3,5,2,4.4,0,1,1,1,5,4,15,2.1,8.31,65.4,48.1,71.5,40.9,62.4,5.67
1,1,22,7,0,4,1,0,2,3,2,4,5.7,1,0,1,1,2,4,27,0.5,6.1,62.0,49.1,66.0,39.5,44.7,4.69
4,0,23,0,0,1,3,2,7,1,1,1,1.7,1,0,1,1,1,4,40,2.6,8.24,39.9,65.7,49.6,27.4,42.5,4.15
1,1,18,8,0,1,1,2,7,5,2,3,8.0,0,1,1,1,3,4,3,2.3,8.93,32.0,34.9,73.8,85.4,78.6,6.75
5,1,17,0,0,2,3,6,1,1,0,1,4.1,0,1,0,1,5,3,9,0.1,7.96,52.7,60.7,51.8,53.9,61.3,5.0
0,0,22,1,1,0,2,1,6,1,2,3,2.4,1,1,1,0,1,4,17,0.4,7.4,57.5,38.5,49.3,48.4,58.3,4.37
4,1,21,1,1,4,3,3,0,1,1,1,6.6,1,0,1,0,2,1,4,3.7,7.91,81.8,73.1,76.9,70.6,83.3,7.39
4,0,20,9,1,3,0,6,4,1,0,4,4.2,0,1,1,1,2,4,24,4.0,4.17,67.4,39.4,66.0,43.6,42.1,4.42
6,1,23,8,1,1,0,7,5,3,2,2,0.7,0,1,1,1,2,1,10,0.7,4.42,53.5,20.0,33.7,42.5,61.2,4.0
5,0,20,4,0,0,1,5,6,4,2,3,4.6,0,0,0,0,5,4,37,2.7,5.86,57.4,36.8,56.4,72.8,24.4,4.38
7,0,17,4,1,1,2,3,4,4,0,1,4.9,0,0,0,1,4,4,5,0.7,7.81,49.8,46.6,56.4,45.9,66.5,5.61
5,1,18,1,1,0,1,0,6,4,5,2,3.7,1,1,0,0,5,5,35,5.0,8.58,41.8,41.9,53.2,72.8,60.0,5.66
7,0,22,8,1,2,0,1,7,4,3,2,6.1,1,0,0,0,3,2,36,5.3,9.26,54.2,69.5,52.8,38.3,58.5,5.75
3,0,21,2,0,4,3,4,1,1,0,2,1.3,1,0,1,1,2,1,30,4.6,6.87,36.4,67.1,44.4,55.5,50.5,4.3
6,0,23,6,0,1,0,4,2,1,2,3,4.8,0,0,1,1,5,2,36,0.3,4.16,60.1,20.0,58.7,53.4,51.0,4.0
6,0,23,1,1,1,2,3,6,1,3,4,7.8,1,1,1,0,3,5,19,1.1,8.17,49.4,60.9,87.5,72.7,62.3,6.35
0,0,18,8,1,1,1,2,4,2,2,4,2.7,0,0,1,1,1,3,14,4.0,8.29,31.2,59.8,48.0,33.8,61.5,4.76
3,1,21,1,0,4,2,5,2,2,5,1,5.3,0,0,0,1,4,3,12,6.0,5.81,59.9,51.5,65.2,82.9,77.6,6.07
1,1,23,9,1,3,3,3,0,4,2,2,2.0,1,1,1,1,2,1,8,2.0,7.44,59.1,55.2,59.2,52.9,63.0,5.48
5,1,22,0,1,3,2,2,6,4,0,4,5.1,0,0,1,1,2,3,23,1.3,4.47,71.3,27.8,49.6,29.3,53.5,4.23
0,1,18,3,0,0,1,1,6,1,3,1,1.2,1,1,1,0,1,3,3,2.6,9.27,31.1,64.4,50.7,39.8,58.5,4.74
5,0,19,3,1,0,4,0,1,1,1,3,5.3,1,0,1,0,2,3,32,5.2,4.38,59.9,61.9,59.5,32.8,53.6,4.55
7,0,21,5,0,3,1,4,6,5,4,2,1.2,1,1,1,1,5,4,32,0.3,8.18,60.3,38.8,54.6,22.1,71.8,4.22
2,0,23,4,1,2,0,4,0,3,4,3,5.7,1,0,1,0,1,2,11,0.9,6.95,45.9,58.5,61.5,70.2,67.0,5.75
7,1,18,0,1,1,3,3,1,5,5,4,6.9,1,1,1,1,2,3,18,1.8,9.26,65.0,47.4,71.6,46.1,48.6,5.86
3,0,20,4,0,0,2,5,3,1,3,3,1.9,0,0,0,1,4,4,40,3.9,4.96,53.5,20.1,33.8,43.6,33.7,4.0
6,1,18,1,0,0,3,7,5,3,3,1,1.6,1,1,0,1,2,5,18,0.7,5.94,65.3,20.0,46.1,47.3,44.8,4.0
4,1,20,8,1,1,3,0,1,2,4,4,3.3,0,0,1,0,1,2,13,4.3,5.34,23.4,41.9,70.0,55.9,62.2,4.66
1,1,23,0,0,1,0,0,7,3,5,3,4.3,1,0,1,0,5,4,34,3.0,6.41,52.3,41.4,39.4,39.6,54.2,4.36
4,0,19,5,0,0,3,0,6,4,5,4,2.3,0,0,0,0,3,4,19,4.7,4.71,40.0,47.5,49.6,56.2,42.6,4.07
4,1,18,0,0,1,0,1,7,1,2,2,5.1,1,1,0,0,5,5,7,0.5,9.18,31.5,62.2,47.5,67.8,72.1,5.72
2,1,21,8,0,4,0,2,4,4,1,4,0.7,1,1,1,1,3,2,10,3.2,5.16,24.7,61.3,69.2,48.8,52.4,4.49
0,1,21,4,1,4,1,5,0,5,3,1,0.9,0,0,1,0,4,2,14,1.1,7.33,68.5,27.1,25.9,47.0,44.7,4.0
0,1,23,7,1,0,4,3,7,5,1,2,3.5,1,1,0,0,1,1,4,1.1,7.98,56.9,44.1,62.0,74.4,72.6,5.93
0,0,18,7,0,4,3,3,2,4,1,4,3.4,1,0,0,1,1,5,33,0.6,7.93,42.7,65.3,40.4,35.3,43.5,4.26
5,1,19,6,1,4,4,4,1,3,5,4,1.8,1,1,0,0,3,4,34,2.3,5.02,53.8,26.9,55.1,49.2,53.2,4.0
1,0,19,8,1,3,0,6,1,2,3,1,3.8,0,1,0,0,5,3,4,4.6,7.44,55.1,57.1,83.4,59.0,50.7,6.14
5,0,21,1,1,3,2,7,4,5,3,3,1.3,0,1,0,0,5,3,13,2.4,7.49,50.9,40.7,38.3,66.0,48.8,4.61
6,1,23,6,0,4,3,2,3,2,4,1,1.7,1,0,1,0,4,3,35,3.6,4.37,46.8,33.2,38.1,40.8,33.0,4.0
3,1,23,4,1,3,2,4,6,3,5,1,4.6,0,1,1,1,4,3,0,0.3,5.28,43.2,32.0,58.5,39.6,43.9,4.23
6,1,17,1,1,2,0,1,4,4,3,3,3.7,1,0,1,1,5,4,10,2.5,7.86,61.5,54.2,59.8,41.0,66.7,5.55
0,0,19,3,1,1,4,2,5,4,2,3,7.7,0,0,1,0,1,4,9,4.7,4.76,55.2,69.6,46.0,45.6,84.1,6.35
1,1,23,5,0,4,0,3,4,2,5,3,3.8,1,0,0,0,4,4,19,3.2,8.11,44.2,66.5,49.3,46.5,76.2,5.65
0,1,19,4,1,0,1,1,3,3,0,1,1.7,1,1,1,0,2,2,5,5.6,4.41,49.7,36.6,73.1,44.7,53.5,4.63
1,0,23,3,0,4,2,3,3,5,2,2,1.9,0,1,0,1,3,1,25,0.7,7.01,22.9,41.5,43.4,44.7,60.9,4.0
3,0,19,6,0,2,3,6,1,3,1,2,6.2,1,0,1,0,4,5,18,0.7,8.74,43.9,57.6,54.9,81.7,58.6,5.86
7,1,17,1,0,3,4,2,4,2,4,2,3.7,1,1,1,1,4,1,32,2.8,7.21,61.3,70.9,71.7,58.7,44.0,5.22
3,0,23,9,1,1,2,7,3,2,4,4,5.7,0,0,1,0,2,4,32,0.3,7.07,54.0,34.2,47.4,38.1,51.6,4.29
2,0,20,2,0,4,3,7,1,2,0,4,1.5,0,0,0,0,3,1,39,3.5,7.52,43.7,38.6,60.4,46.6,44.1,4.05
3,1,23,1,0,0,0,5,1,3,0,3,3.4,0,0,0,0,2,5,23,4.9,9.34,42.3,68.8,49.3,67.6,76.3,5.86
3,1,18,0,1,4,3,7,0,3,3,2,5.3,0,1,0,1,3,5,33,1.8,9.79,74.0,38.5,61.5,28.1,62.4,5.53
1,0,21,0,0,1,1,2,4,5,3,3,6.1,1,1,1,0,5,1,17,5.7,6.02,85.0,58.9,62.9,40.8,89.7,6.22
1,1,20,7,0,2,2,0,5,4,3,2,2.2,0,1,0,1,4,1,20,1.2,8.04,68.0,45.8,56.5,53.3,51.9,4.79
1,0,19,5,1,2,0,4,5,1,3,1,5.7,0,1,1,1,3,3,3,5.3,5.8,57.4,48.9,74.5,65.9,61.8,5.91
5,1,20,2,0,3,0,4,3,5,5,4,4.8,1,0,1,1,1,3,34,1.9,9.24,50.4,20.0,69.4,61.8,54.3,5.3
2,0,23,2,1,1,4,6,0,3,2,1,1.3,0,1,0,1,2,5,15,2.8,5.09,53.4,44.6,20.0,20.0,47.3,4.0
6,1,19,5,0,3,2,1,7,4,4,1,7.2,0,0,1,0,5,3,26,5.0,4.26,50.0,57.9,65.8,72.7,74.7,5.75
0,1,19,5,1,3,1,5,0,5,4,3,5.3,0,0,1,1,5,3,13,5.6,7.45,55.6,55.6,55.1,60.7,68.3,5.9
3,1,18,9,1,4,4,6,1,3,2,1,6.9,1,0,0,1,4,1,29,1.6,5.18,40.5,37.1,40.2,44.9,61.2,4.34
4,0,23,4,0,2,1,7,6,2,3,4,3.8,0,1,1,1,4,3,30,2.7,8.98,66.2,57.3,39.5,36.7,74.4,5.39
0,0,17,5,0,3,1,3,1,2,4,3,1.0,1,1,1,1,3,4,29,0.8,5.61,38.7,39.8,40.5,24.4,34.1,4.0
2,1,18,3,1,1,4,7,2,5,1,3,1.2,1,1,0,0,1,5,35,2.8,8.47,73.2,40.5,43.0,42.0,55.1,4.56
5,0,23,5,0,2,0,1,4,2,1,1,1.3,1,1,1,0,4,5,27,0.6,6.29,44.0,40.6,34.4,38.6,48.0,4.0
1,1,17,6,1,1,3,5,0,1,3,3,2.0,1,1,0,0,4,5,20,0.2,4.57,41.7,50.9,55.5,20.0,60.2,4.0
5,1,18,4,1,1,1,7,7,2,3,4,4.7,0,1,0,0,2,2,7,0.1,8.94,39.2,76.8,59.9,30.1,69.6,4.92
2,1,21,0,1,0,3,1,1,2,1,1,7.9,1,1,0,0,2,2,23,0.9,7.89,67.8,54.1,63.5,74.2,63.2,5.94
3,0,19,7,1,1,3,2,4,2,1,3,2.9,1,1,0,0,1,4,38,4.9,8.32,84.8,51.2,72.5,74.4,60.4,5.69
6,1,20,4,0,0,0,7,3,5,3,1,1.8,0,0,0,0,3,4,35,2.6,9.27,65.0,39.8,58.6,56.4,74.0,5.0
7,0,20,3,0,4,1,6,7,5,4,1,4.2,1,1,0,0,1,1,25,3.4,8.36,28.1,47.3,84.2,31.2,41.7,5.2
1,1,23,1,0,2,4,1,5,3,1,1,4.3,1,1,0,0,3,4,11,0.9,9.13,80.1,93.6,67.0,78.4,57.5,6.55
3,0,19,4,0,1,0,2,2,1,3,4,2.4,0,0,0,1,5,1,39,0.0,7.1,20.0,21.9,44.8,34.7,54.9,4.0
3,1,20,6,0,1,1,6,4,4,5,4,6.1,1,0,1,0,3,5,5,5.7,9.2,51.6,60.6,71.5,78.4,96.4,7.74
7,1,18,2,0,0,1,6,7,1,3,1,2.9,0,0,0,1,5,3,9,5.8,5.13,49.4,74.3,67.4,53.1,55.8,5.47
4,0,17,7,1,3,4,1,1,5,5,3,7.0,0,0,1,1,1,1,35,0.8,9.29,46.3,25.7,51.9,35.2,68.9,5.02
1,1,21,7,1,0,1,5,0,1,3,3,4.3,1,0,0,0,2,4,14,4.7,6.15,67.7,49.1,73.4,81.8,55.4,6.03
3,0,17,5,0,4,1,3,7,5,4,4,7.5,1,0,0,1,3,4,7,5.3,4.36,54.3,54.8,66.1,77.5,75.2,6.52
0,1,20,0,0,0,1,4,0,5,5,4,1.0,1,1,1,0,5,3,0,3.0,6.58,52.8,41.4,67.7,26.6,75.0,4.88
7,0,22,4,1,1,1,6,5,2,5,3,3.4,1,1,1,0,2,1,23,3.0,8.46,43.7,42.1,53.8,35.2,62.7,4.86
4,1,20,2,0,1,2,7,0,4,5,2,3.5,1,0,0,0,3,4,9,5.1,5.66,84.3,67.6,79.0,36.9,53.3,6.01
7,0,20,7,0,1,4,2,4,3,4,1,3.6,1,0,0,0,2,2,15,1.9,5.63,50.5,51.5,50.6,21.9,57.6,4.12
2,1,17,1,1,2,4,3,0,3,2,2,0.6,0,0,0,1,1,1,39,3.0,5.17,20.0,28.1,39.2,36.3,39.5,4.0
0,0,22,6,1,4,4,0,7,5,3,3,4.9,0,1,0,0,3,1,22,5.1,8.9,66.1,54.9,75.3,82.6,59.8,6.88
7,1,23,5,0,0,0,5,2,3,3,4,0.5,1,0,1,1,5,4,3,5.9,5.22,71.5,57.2,66.8,61.8,66.1,5.4
3,1,17,3,0,0,1,1,6,1,0,1,6.1,0,1,0,0,1,1,40,4.5,9.3,73.5,80.3,43.7,68.9,88.6,6.25
7,1,21,3,1,4,2,3,2,1,4,2,7.7,0,1,0,1,1,1,30,5.5,7.35,43.9,31.7,59.9,56.7,71.1,5.76
3,1,20,0,1,0,3,2,7,5,1,2,1.5,1,0,0,0,4,1,34,1.2,6.03,41.2,51.0,23.1,53.6,47.9,4.0
7,1,22,9,1,2,3,2,2,2,5,3,5.5,0,1,1,1,4,2,10,5.8,4.73,35.2,42.8,48.1,71.3,57.6,5.36
5,0,20,7,0,3,3,3,7,4,3,1,2.3,0,1,1,0,1,1,26,5.4,8.94,51.3,51.1,64.9,49.0,42.1,5.6
7,1,19,8,0,4,4,4,0,3,3,3,4.3,1,1,1,0,1,4,38,4.9,4.45,75.9,48.8,58.6,51.2,64.6,4.82
6,0,22,3,1,1,1,3,4,3,3,1,1.2,0,1,1,0,4,4,16,4.6,4.93,22.0,44.6,57.9,21.7,63.6,4.0
6,0,22,0,0,4,0,6,6,3,4,2,2.3,0,0,1,0,3,3,9,2.3,9.63,73.6,57.0,52.7,49.7,61.3,5.78
7,0,20,1,1,3,3,6,0,1,2,1,3.8,1,0,1,1,5,4,7,2.2,8.83,57.2,39.8,81.8,57.0,48.8,5.88
0,1,20,1,1,1,4,2,0,4,2,1,6.8,0,0,1,0,1,2,36,1.0,5.56,47.0,25.0,46.2,52.3,42.6,4.0
7,1,20,2,1,2,1,2,6,4,5,2,1.6,1,1,0,1,5,4,30,2.5,4.83,33.7,34.0,27.6,38.4,56.5,4.0
4,1,23,3,1,4,1,0,2,3,2,2,2.4,0,1,1,0,2,5,26,4.5,9.74,40.1,73.4,49.6,58.6,67.4,5.72
6,0,20,4,1,4,4,6,6,3,2,3,1.7,1,1,1,0,2,2,30,1.3,6.41,50.9,28.7,49.0,48.6,61.6,4.22
1,0,17,0,0,3,2,6,5,5,4,4,1.3,1,1,0,1,5,5,23,0.7,5.61,25.0,34.8,48.6,56.8,68.0,4.0
3,1,21,5,0,0,1,5,2,1,2,2,5.6,0,0,1,1,4,5,1,5.2,6.7,78.1,43.8,84.7,49.5,88.4,6.94
5,1,19,4,0,2,4,4,4,2,1,4,1.9,0,0,1,1,4,2,36,1.7,6.66,69.2,32.5,51.8,39.6,31.1,4.0
6,0,17,5,1,4,4,3,7,5,0,2,1.5,1,0,1,1,2,5,7,4.9,5.33,47.9,43.8,62.8,30.2,80.3,5.23
4,0,20,1,0,3,1,1,3,2,3,4,2.5,0,1,0,1,5,5,27,1.8,4.02,39.2,20.0,45.2,20.0,50.7,4.0
3,1,21,5,0,1,1,7,3,3,0,1,2.6,1,1,1,1,3,2,15,1.2,4.04,51.3,53.4,70.9,52.2,67.8,4.28
6,1,17,6,0,2,2,3,2,2,1,3,5.7,1,1,1,1,2,3,15,2.4,4.98,51.2,51.4,46.9,50.7,60.4,4.7
0,1,18,3,1,0,1,2,6,3,3,4,2.8,1,1,1,1,2,4,25,1.2,6.89,40.0,54.5,63.8,71.6,42.8,4.67
7,1,21,8,1,2,4,7,0,2,1,4,1.1,1,1,0,0,2,4,8,5.7,9.13,54.6,65.7,54.3,42.9,71.0,5.93
2,1,22,4,1,0,3,4,2,1,3,2,5.4,0,0,1,0,1,2,10,4.2,4.38,43.1,27.1,51.7,63.8,59.0,5.01
1,1,21,0,1,1,0,6,6,5,1,2,2.5,1,0,0,1,2,1,32,3.3,8.25,45.2,67.2,38.9,76.2,57.4,4.8
3,0,23,9,1,3,0,5,6,4,3,2,7.7,1,1,0,0,1,3,39,5.7,5.0,37.0,55.5,56.0,69.7,73.5,5.47
6,1,23,9,0,2,3,6,0,4,0,1,6.0,0,0,0,1,5,2,23,1.8,5.3,54.3,20.9,53.5,44.2,51.7,4.25
1,1,18,1,0,0,4,0,3,4,0,3,3.9,0,1,0,1,1,1,10,4.8,5.47,50.8,61.1,43.1,45.2,63.7,4.93
4,0,18,7,0,1,3,5,2,3,2,1,7.7,0,0,1,1,1,4,18,3.9,4.11,56.3,58.8,60.3,50.8,65.5,5.62
0,1,18,5,1,3,0,7,4,4,4,1,3.6,1,1,0,0,1,3,25,1.7,4.67,40.1,31.5,58.2,33.5,49.0,4.0
7,1,22,9,1,0,0,3,4,4,0,2,2.5,1,0,0,1,2,1,13,5.9,9.32,57.4,47.6,47.5,37.4,62.9,5.85
4,0,18,8,0,3,2,1,1,1,5,2,3.9,0,0,0,0,4,4,2,2.5,8.16,60.6,36.7,74.7,91.2,72.4,6.09
2,0,19,1,0,4,4,6,2,1,1,2,1.8,1,1,1,0,5,2,28,1.8,8.63,60.8,51.5,53.5,60.0,57.8,4.66
4,0,20,6,0,1,2,1,3,2,1,2,3.6,1,0,0,1,2,5,27,4.4,5.6,26.0,20.0,64.3,49.6,47.3,4.05
6,0,22,3,0,0,3,1,4,3,3,1,6.8,1,1,0,1,3,4,3,1.8,9.08,47.4,44.6,64.0,78.4,82.2,6.66
7,1,20,4,1,3,0,6,3,4,2,4,6.9,1,0,1,0,5,1,23,4.0,9.29,71.0,64.0,48.1,58.3,70.9,6.54
5,0,22,5,0,0,4,1,3,1,5,4,5.4,0,1,0,1,3,4,27,0.2,9.4,49.1,55.4,51.3,63.3,48.8,5.11
4,0,22,7,0,0,3,6,7,5,0,2,6.0,0,0,0,0,1,5,1,4.6,6.71,53.5,49.4,71.5,86.6,62.3,6.4
3,0,20,8,1,1,2,0,6,4,4,3,6.5,0,1,0,1,2,1,29,0.4,7.89,25.8,37.7,54.3,31.4,42.9,4.26
3,0,20,8,0,0,0,5,0,5,5,1,4.1,1,1,1,0,1,5,9,2.5,5.94,62.4,47.5,64.8,41.6,42.0,5.1
3,0,23,3,1,1,3,1,0,1,0,2,7.8,1,1,0,0,5,1,7,1.7,8.65,49.7,50.2,77.5,64.2,74.8,6.76
5,1,17,1,1,4,4,0,1,2,3,3,5.4,1,1,1,1,4,5,7,2.5,7.01,71.3,51.3,51.6,73.9,59.1,5.92
6,1,17,2,1,4,1,7,3,1,0,4,6.3,1,0,1,1,4,3,2,2.7,4.29,76.0,58.2,78.5,61.6,77.8,6.01
5,1,20,5,0,4,3,0,1,3,3,3,6.1,1,1,0,1,5,5,37,5.8,9.71,66.1,73.1,59.4,54.5,65.4,6.56
2,0,23,0,0,3,3,5,0,1,3,1,4.5,1,1,1,0,1,2,26,1.2,9.41,50.5,59.8,49.1,69.3,55.2,5.34
7,0,21,7,0,0,1,2,1,2,2,2,5.4,0,1,0,1,5,1,9,5.7,6.75,57.0,63.2,75.1,48.2,49.7,6.12
3,1,21,2,1,0,1,1,4,4,2,2,6.8,0,1,0,0,2,4,16,3.0,4.47,38.8,48.7,39.4,79.3,50.2,4.53
4,0,23,9,0,0,2,6,6,2,3,3,2.6,0,0,1,1,2,2,27,0.2,6.42,20.0,42.4,56.4,37.6,42.8,4.0
7,0,23,5,0,0,2,0,5,2,0,4,4.7,1,1,0,0,4,1,29,5.7,7.42,44.4,54.6,47.8,68.9,42.3,5.0
1,1,18,1,1,3,4,6,6,4,3,2,3.3,0,1,0,1,2,3,33,1.0,7.14,50.3,33.8,41.1,37.5,44.8,4.0
0,1,18,5,1,0,0,2,7,3,2,1,5.4,0,0,1,1,3,2,2,5.2,8.39,52.7,56.1,72.7,69.1,74.1,6.65
1,0,18,4,1,2,3,1,0,2,2,1,3.0,1,1,1,1,3,2,1,3.4,6.91,39.2,62.3,66.6,38.8,62.8,5.78
4,1,21,9,0,2,3,0,2,1,1,3,2.3,1,0,0,0,1,5,27,3.4,9.87,63.6,66.1,69.8,40.8,60.6,5.35
3,0,18,3,1,2,0,0,3,2,4,2,4.1,0,0,1,1,1,4,31,3.0,7.85,85.8,63.1,47.4,56.6,66.7,5.6
1,1,18,1,0,4,1,6,4,2,1,1,1.9,1,0,0,0,4,3,35,3.7,8.68,43.2,44.5,51.4,30.1,65.9,4.25
6,1,17,7,1,2,0,7,6,1,5,3,1.2,1,1,0,1,3,3,24,1.2,5.53,35.1,34.3,48.4,24.4,40.4,4.0
2,1,19,7,1,2,4,5,3,2,3,1,7.4,1,0,0,1,1,3,0,3.5,9.35,73.7,45.1,67.4,78.7,46.7,7.02
0,1,18,0,0,1,4,5,5,2,5,1,2.3,0,0,0,1,4,5,34,0.1,6.35,50.0,52.9,64.9,55.3,43.9,4.07
0,1,22,8,1,3,1,4,2,2,3,4,2.7,1,1,0,0,1,5,38,3.4,9.95,56.0,47.9,71.7,45.9,44.6,4.95
7,1,17,0,0,1,3,5,7,1,2,3,4.7,1,0,1,0,2,2,7,0.7,7.94,97.8,60.2,64.2,34.8,62.8,5.93
0,0,22,4,1,3,2,3,1,3,1,1,7.0,1,1,1,0,1,3,24,4.5,8.94,41.2,50.4,55.5,55.8,74.4,5.91
4,1,23,2,0,1,2,5,2,3,0,1,1.5,0,1,0,1,2,3,31,4.9,9.44,77.9,46.5,48.7,48.0,58.4,5.2
0,1,20,2,0,3,0,3,2,2,5,1,5.4,0,0,1,1,1,2,37,0.3,4.71,53.3,58.6,45.6,44.8,47.0,4.0
7,0,18,8,1,2,4,6,3,2,4,2,7.8,1,1,0,1,2,4,22,5.5,9.69,83.0,54.5,68.7,76.3,55.3,7.01
3,0,19,9,1,2,2,4,7,1,3,1,5.2,1,0,0,0,5,2,18,5.3,9.07,59.8,43.7,43.7,75.4,54.3,5.92
1,1,20,6,1,0,2,5,5,1,0,4,1.3,0,1,0,0,1,4,0,1.8,9.18,59.3,60.2,57.9,50.8,64.9,5.84
2,0,21,1,0,0,2,4,2,1,1,2,5.6,1,0,0,1,3,4,3,2.1,6.64,63.0,56.8,61.0,62.7,64.5,6.04
5,0,17,2,1,2,1,7,3,4,3,1,2.9,0,1,1,0,4,3,25,3.5,6.58,43.0,50.7,55.8,78.2,53.8,4.74
5,0,21,4,1,3,0,0,4,4,1,1,4.6,1,1,1,1,2,1,38,2.2,6.93,51.9,69.1,63.0,64.5,52.1,4.87
1,1,21,2,1,2,0,0,0,3,0,2,6.6,0,0,1,0,2,4,30,5.5,7.73,53.9,45.5,50.8,54.7,67.9,5.77
1,1,21,0,1,0,0,5,4,2,0,3,2.7,1,0,0,1,5,5,33,0.9,7.65,46.5,25.3,56.7,20.0,45.8,4.0
6,1,20,4,1,2,3,7,4,5,0,1,0.7,0,0,1,1,2,2,27,6.0,8.35,53.2,52.5,41.1,54.8,58.1,5.07
3,0,20,3,1,0,3,2,4,5,2,1,2.3,1,0,0,1,5,5,19,0.8,5.73,44.9,39.9,31.9,50.1,52.7,4.0
5,0,17,2,1,2,4,0,5,4,1,2,3.3,1,0,1,1,1,2,25,1.1,7.05,66.6,42.8,59.7,20.0,68.1,4.38
4,1,19,6,1,2,2,6,4,1,3,2,7.9,0,0,1,0,5,5,27,0.2,8.44,72.8,35.8,67.8,55.1,56.7,5.37
1,0,23,2,1,1,1,0,4,5,2,4,1.3,1,1,1,1,3,5,18,3.4,6.04,48.0,47.2,69.4,58.5,41.7,4.72
1,1,18,6,1,3,2,0,0,3,1,4,6.1,0,1,1,1,2,4,33,3.9,7.89,71.7,57.3,67.3,51.5,58.1,5.84
2,1,22,3,1,3,2,6,1,4,4,3,4.4,0,0,0,1,5,2,0,5.1,9.15,52.9,62.7,68.0,58.5,57.1,6.63
1,0,17,2,1,1,0,7,5,3,2,3,6.0,0,0,0,0,5,4,20,2.0,8.55,63.3,43.5,65.7,53.8,53.4,5.62
3,1,20,9,1,2,4,5,0,3,5,1,3.2,0,0,0,0,3,1,9,1.1,5.54,45.9,50.3,36.2,47.2,56.5,4.27
0,1,21,2,1,0,4,4,3,4,4,1,3.9,1,0,1,1,5,3,17,0.9,5.27,45.1,42.6,70.9,55.2,54.7,4.37
0,1,21,3,0,1,2,2,5,1,3,4,5.0,0,1,0,0,2,5,17,0.7,6.18,34.6,35.8,44.8,78.5,46.8,4.46
4,0,19,9,0,4,2,6,4,5,2,1,7.2,1,1,0,1,2,5,16,1.6,7.9,61.4,54.3,65.5,67.0,79.4,6.36
1,0,21,3,0,3,1,1,0,1,0,1,4.7,0,0,0,0,5,4,29,2.2,6.19,65.7,38.2,74.8,59.5,51.8,4.38
1,1,17,9,0,4,2,5,1,1,3,4,1.7,1,1,0,1,3,5,24,4.3,8.54,56.9,59.2,27.2,54.4,62.3,5.34
5,1,22,4,1,3,1,4,7,3,4,1,4.0,1,0,1,0,3,3,36,1.9,7.74,44.6,43.6,46.1,52.0,65.9,4.71
0,0,17,7,0,1,1,4,6,5,4,1,5.8,0,0,0,0,1,5,17,4.9,9.91,42.4,49.6,85.7,73.1,61.9,6.83
0,1,23,9,0,3,1,6,7,3,3,1,2.9,1,0,0,0,2,4,35,1.3,5.58,27.5,38.8,23.3,38.4,64.5,4.0
4,1,18,8,1,0,1,7,2,3,5,1,4.6,1,1,0,1,5,2,1,3.9,6.93,70.5,50.0,65.6,23.2,71.4,5.82
5,1,18,7,0,4,4,0,5,5,3,2,2.2,0,0,0,1,2,3,2,2.5,5.97,37.5,49.0,37.6,50.3,64.1,5.15
6,0,22,7,0,3,3,4,7,2,5,2,1.3,0,0,1,0,4,1,22,0.8,4.56,20.0,39.3,50.0,32.9,44.1,4.0
7,1,19,1,0,0,0,1,7,3,1,1,5.4,1,1,1,0,1,2,25,3.2,6.66,41.9,69.7,66.1,31.4,47.1,4.76
5,0,21,7,0,1,1,1,1,3,1,3,2.5,0,0,1,1,4,4,19,4.9,4.4,48.5,51.8,48.4,56.9,40.3,4.32
2,0,21,7,1,3,1,0,6,2,4,4,7.7,1,1,1,1,3,5,23,5.5,7.97,32.9,26.3,68.0,71.5,86.5,6.48
6,1,21,1,1,4,1,5,5,1,1,2,2.7,0,0,0,0,2,1,22,4.5,7.43,28.8,41.1,65.6,41.7,55.0,4.26
2,0,17,7,0,2,0,0,0,1,3,1,3.5,1,0,1,1,3,3,30,2.3,9.34,45.5,36.9,36.4,41.3,59.6,4.4
1,1,21,2,1,1,1,2,0,4,5,3,7.8,1,0,1,1,5,2,26,2.3,6.76,43.5,45.1,48.5,63.1,67.4,5.38
6,0,18,3,0,0,1,0,0,2,2,1,1.0,1,0,0,1,4,4,22,3.7,4.1,26.9,42.4,53.2,46.6,43.9,4.0
2,0,19,4,0,1,1,3,7,4,2,4,7.3,0,0,1,0,1,1,35,2.3,6.94,56.2,54.0,35.3,40.3,43.9,4.84
4,0,19,6,0,1,3,6,5,3,4,3,5.1,1,1,0,1,2,3,21,0.4,8.33,59.1,78.0,76.0,46.8,65.4,5.72
4,0,18,5,0,4,0,1,6,2,0,1,2.4,0,0,0,1,3,4,18,3.5,5.19,41.9,49.3,46.0,29.6,43.2,4.0
6,1,17,5,0,2,0,3,1,2,1,4,5.4,0,1,1,1,5,3,32,0.3,4.6,36.1,25.3,46.8,54.5,41.7,4.0
2,0,18,2,1,4,3,0,7,1,1,1,4.6,1,1,0,0,4,3,8,2.0,6.72,74.2,59.3,59.7,55.4,75.4,5.71
0,1,23,0,1,2,1,4,2,4,4,1,1.9,1,1,0,0,3,1,20,5.5,4.83,47.4,52.6,52.2,57.8,47.5,4.61
2,0,17,3,1,4,4,0,2,1,1,4,7.2,1,1,1,1,2,3,2,0.2,5.92,70.3,43.0,65.7,66.6,61.8,5.97
3,1,22,6,0,0,0,4,1,5,2,2,2.2,1,1,1,1,3,2,33,2.3,9.84,49.2,37.5,50.8,37.2,59.9,4.42
7,0,18,8,1,1,4,5,1,3,3,4,3.7,1,1,0,0,4,2,17,1.0,4.33,58.3,20.0,50.9,69.9,46.2,4.0
0,0,22,6,1,1,4,6,4,3,1,1,3.0,1,0,0,0,3,5,4,1.6,8.58,49.5,58.7,66.5,29.2,50.0,5.34
4,0,19,0,1,3,2,4,4,4,3,3,1.7,0,0,0,0,3,2,21,1.3,7.48,32.1,20.0,60.8,59.2,53.2,4.0
6,1,18,3,0,3,3,0,1,1,2,4,1.1,0,0,1,1,3,3,13,5.6,5.72,32.5,41.7,37.2,58.2,73.6,4.63
4,1,19,6,1,4,1,7,5,1,2,2,5.6,1,1,0,1,4,1,1,1.5,6.98,58.6,61.3,78.8,65.4,67.4,5.98
2,0,21,6,1,3,4,2,0,4,5,3,4.8,1,1,1,0,4,2,37,4.6,8.7,45.1,54.4,44.1,33.6,61.2,4.63
1,0,23,3,1,3,1,4,7,4,0,3,0.6,0,0,1,1,2,4,24,4.3,7.4,58.1,50.9,53.6,46.7,48.6,4.47
0,0,18,6,0,0,0,5,7,2,2,1,1.4,1,0,1,1,2,2,14,1.6,5.63,23.5,44.9,57.8,27.3,56.2,4.0
2,0,17,6,1,0,0,7,5,4,3,2,0.8,0,1,1,0,1,3,37,3.9,7.54,28.4,20.9,56.5,46.2,54.4,4.0
3,1,21,9,1,3,0,5,2,1,3,1,2.3,1,1,1,0,5,3,19,3.3,9.33,62.0,50.2,61.5,67.4,56.1,5.45
2,0,23,6,0,1,4,5,2,1,2,4,1.2,1,0,1,1,2,1,37,4.1,9.56,62.9,20.0,44.4,59.5,55.8,4.48
2,0,17,0,0,4,3,1,3,2,1,1,6.3,1,0,0,0,4,4,18,5.2,5.13,74.0,63.2,66.2,58.1,60.5,5.96
2,0,17,6,1,1,1,0,7,3,2,1,1.1,1,1,0,1,3,1,26,3.6,6.6,36.5,30.8,41.2,50.7,48.4,4.0
6,1,23,7,1,0,0,0,3,3,1,1,7.5,0,0,0,0,4,5,18,3.0,9.89,27.9,37.0,70.7,62.4,83.6,6.27
6,0,20,1,1,1,2,3,1,2,0,4,5.3,1,0,1,0,4,2,23,2.4,4.16,46.4,46.8,56.3,49.3,45.6,4.77
7,1,23,8,0,3,4,5,0,3,4,4,6.3,1,1,1,0,4,5,38,0.4,5.63,70.1,41.0,37.0,49.4,65.1,4.43
0,1,17,1,0,1,1,0,0,2,0,2,2.6,0,0,0,1,5,2,22,6.0,7.55,49.5,48.3,70.8,63.0,47.3,5.25
2,1,19,0,0,1,2,2,3,2,2,4,7.5,1,1,1,0,3,1,40,4.2,7.99,70.4,46.7,77.8,60.2,58.8,5.9
3,1,17,3,0,4,2,3,4,3,4,3,7.0,1,1,0,0,4,5,26,4.8,5.73,62.8,50.8,67.3,59.7,52.6,5.73
0,1,20,8,1,3,4,2,4,4,3,1,5.5,1,1,0,0,2,4,38,3.5,5.91,44.1,58.2,47.4,64.7,49.2,4.9
3,0,18,6,0,3,4,5,2,3,2,2,4.4,0,1,0,1,1,4,21,2.5,5.44,38.1,49.8,50.4,51.2,52.3,4.52
4,1,18,2,0,2,4,2,0,3,0,1,4.3,1,0,0,1,5,4,18,1.6,6.76,65.5,27.0,65.2,74.8,63.6,5.14
1,1,22,5,1,1,1,1,2,1,2,1,3.9,1,0,1,0,3,2,25,3.6,5.97,40.5,58.9,62.7,34.4,62.8,4.63
5,0,17,5,1,1,2,6,2,2,0,2,5.4,0,0,0,1,2,1,20,3.8,9.53,63.2,62.2,61.6,56.1,68.7,6.07
4,1,22,6,0,3,1,7,6,3,0,2,6.7,1,0,1,0,4,5,11,5.4,6.16,63.5,69.0,54.4,74.6,40.8,6.39
3,0,18,5,1,0,1,7,4,5,0,1,2.8,0,1,1,1,1,4,6,4.0,4.29,34.0,41.2,60.8,71.7,48.3,4.7
3,1,17,4,0,4,2,5,7,4,0,2,6.8,0,0,0,1,5,3,22,5.8,5.85,54.6,38.3,43.7,37.5,66.4,5.43
6,1,18,8,0,3,3,6,7,3,2,4,2.7,0,1,0,1,1,5,18,5.7,6.12,41.9,31.3,60.3,55.9,48.2,4.86
4,0,19,4,1,1,3,5,7,2,4,2,4.7,0,0,1,0,1,5,3,0.9,5.48,46.5,39.3,45.1,38.8,51.6,4.53
5,0,18,1,0,1,1,4,6,1,3,3,4.9,1,1,0,0,5,3,26,1.3,6.99,71.0,58.1,46.4,42.9,78.5,5.14
0,0,23,1,0,4,4,0,4,1,0,2,2.4,0,0,0,1,2,4,34,4.3,4.62,36.6,32.4,41.7,29.5,31.0,4.0
6,1,21,5,0,0,0,1,2,4,2,2,5.8,0,0,1,0,4,2,23,0.4,4.87,50.7,53.6,59.0,43.6,56.7,4.24
6,0,19,2,1,3,2,6,1,5,1,2,1.7,0,0,1,1,3,4,40,0.8,4.03,28.8,36.7,30.4,31.0,34.3,4.0
2,1,23,4,1,1,3,5,6,2,3,2,6.0,1,0,1,0,3,2,4,0.8,4.66,31.5,60.8,58.3,56.0,66.0,5.12
5,0,21,4,1,2,3,6,0,3,4,3,5.7,1,0,1,1,2,5,33,0.8,5.76,21.7,36.4,79.2,36.1,55.9,4.02
1,1,21,3,1,0,3,6,5,4,4,4,2.0,1,1,0,1,1,1,4,5.9,9.3,59.5,53.3,66.7,57.7,77.5,6.36
7,0,18,2,1,4,1,4,4,4,1,4,0.7,1,0,0,1,2,4,0,5.1,7.84,55.2,82.9,79.9,38.7,62.1,6.16
6,0,19,6,0,0,1,0,1,5,2,1,7.3,1,0,1,1,1,1,21,1.8,4.66,35.6,73.5,52.0,24.5,52.7,4.42
3,1,21,9,0,2,2,7,2,3,4,3,2.3,0,0,0,0,1,2,21,1.1,7.81,57.8,51.8,51.5,57.2,47.3,4.77
0,1,21,4,0,3,4,3,5,3,1,1,4.2,0,0,1,1,5,1,9,5.3,8.74,51.4,46.3,49.8,47.0,63.2,5.84
2,0,17,0,1,4,3,5,5,1,4,4,6.7,0,0,0,1,2,2,26,0.4,9.22,44.8,22.6,38.6,84.9,59.9,5.27
6,1,21,1,1,2,3,0,3,2,2,2,7.9,1,0,1,0,4,2,6,2.8,8.66,46.6,64.3,79.3,70.5,81.5,6.83
4,0,21,8,0,1,0,0,3,2,0,4,1.8,0,0,1,0,3,1,40,2.2,8.43,50.1,41.0,51.9,30.2,45.3,4.0
0,1,23,9,1,1,0,6,0,1,5,4,6.2,1,1,0,0,4,4,7,0.7,8.56,53.4,65.6,56.8,42.6,54.7,5.69
3,1,17,7,0,1,0,2,0,3,0,2,2.7,0,0,1,1,3,4,28,5.9,4.56,22.7,23.9,48.2,32.9,63.8,4.0
5,1,20,1,1,2,3,5,6,4,2,1,5.1,0,1,1,0,3,1,1,3.7,6.2,72.9,77.7,62.9,67.6,60.2,6.26
6,1,23,7,0,1,1,7,7,3,0,1,3.9,0,0,0,1,4,1,7,2.0,8.73,48.0,48.1,61.0,52.6,60.0,5.44
4,1,20,4,0,4,0,0,5,3,3,2,5.5,0,0,0,1,2,3,18,3.0,8.28,35.7,73.8,54.7,51.4,52.1,5.5
2,0,20,8,1,3,2,4,0,1,0,1,7.6,0,1,0,0,3,2,33,0.9,6.36,34.5,68.6,47.3,44.7,53.6,4.34
7,1,17,4,0,0,4,5,2,1,2,4,6.4,0,1,1,0,3,2,9,3.0,4.69,62.9,49.4,75.0,61.9,57.3,5.12
6,0,23,8,1,4,1,2,7,1,4,1,4.9,1,1,0,1,1,3,34,5.8,5.04,28.8,23.0,39.7,80.5,69.4,4.59
1,1,21,8,0,2,1,6,5,4,4,2,6.3,0,1,1,1,2,2,40,2.6,4.4,61.6,21.9,30.9,35.0,74.9,4.0
5,1,23,1,0,0,0,2,3,5,0,2,0.6,0,0,1,0,5,5,18,5.9,4.57,41.0,41.8,45.9,67.6,46.3,4.11
4,0,22,4,0,3,3,5,6,1,3,4,4.1,1,1,0,1,4,5,33,5.4,8.0,74.0,52.9,40.1,67.3,52.5,5.39
4,1,21,5,0,3,3,5,6,5,5,1,4.8,1,0,0,1,4,3,10,1.1,9.5,33.9,39.1,46.5,54.0,52.7,5.37
0,0,21,9,0,1,2,3,6,4,1,2,3.8,0,0,0,1,5,2,35,2.2,8.45,48.1,43.3,66.7,55.5,57.5,4.79
5,1,23,2,1,3,4,4,7,2,3,3,7.0,0,1,0,1,1,3,33,2.6,4.34,33.3,27.0,68.6,48.8,54.3,4.4
1,0,21,7,1,3,0,4,2,2,3,2,0.6,1,1,0,1,1,5,25,5.0,4.22,40.7,58.3,60.5,41.8,45.8,4.0
1,1,18,8,1,4,1,7,2,4,0,1,0.6,0,1,1,1,3,2,24,3.9,6.54,43.4,66.4,41.4,49.0,68.2,4.43
7,1,22,1,1,0,2,1,5,5,2,4,5.6,0,0,1,0,5,4,13,2.2,5.82,62.5,48.0,56.2,58.8,53.6,5.39
4,0,23,9,0,2,4,4,1,5,5,2,5.5,0,0,1,0,4,2,27,5.9,8.98,48.0,55.3,80.8,63.1,57.1,6.41
5,1,21,6,1,1,1,5,4,3,2,2,7.0,0,0,1,0,1,3,20,4.8,6.17,53.5,37.7,50.0,55.1,74.4,5.8
3,0,18,3,0,4,1,2,6,4,0,4,7.3,0,0,0,1,2,5,1,0.4,4.83,43.9,49.6,50.0,73.7,58.7,5.21
7,0,17,5,0,2,1,3,4,1,0,4,5.0,1,1,0,0,2,1,6,0.7,5.43,48.5,51.1,62.8,51.2,45.5,4.98
7,1,21,2,1,1,2,7,2,5,2,4,2.2,1,0,0,0,3,1,16,3.8,6.59,67.9,52.0,58.6,47.3,58.0,5.17
5,0,19,1,1,1,3,2,5,2,1,2,4.6,1,0,0,1,2,4,16,2.3,9.99,59.4,57.8,55.0,71.1,79.1,6.31
1,0,19,0,0,3,0,1,7,5,5,4,3.4,1,1,0,1,1,5,27,1.4,8.74,50.8,64.9,51.6,54.7,56.2,4.79
7,0,17,1,0,1,3,6,4,1,0,2,2.6,1,1,0,0,1,3,9,0.3,6.22,53.0,33.2,36.4,68.9,59.1,4.44
0,1,18,3,0,3,2,3,6,4,1,2,5.0,1,1,0,0,5,1,18,3.8,5.16,76.7,64.1,61.2,65.5,48.5,5.65
0,1,17,5,1,3,0,7,3,1,1,2,5.6,1,0,1,0,3,1,28,1.3,4.97,57.5,53.0,49.2,41.8,65.3,4.44
0,1,18,0,0,3,4,7,3,4,0,4,3.8,0,1,1,0,2,5,32,4.1,6.92,38.9,51.6,66.4,32.2,60.0,4.72
0,1,19,3,1,0,0,0,2,2,5,4,6.1,1,0,1,1,3,3,3,1.0,5.9,35.4,65.5,76.2,61.5,63.8,5.63
0,0,20,7,1,2,0,0,4,4,3,1,0.8,1,1,0,1,1,1,20,0.6,5.47,35.8,42.6,42.8,48.7,58.4,4.0
1,0,23,8,0,0,4,4,7,4,3,1,5.9,0,1,0,1,2,5,36,4.1,8.08,39.2,34.0,76.8,51.8,51.1,5.06
7,0,20,7,0,0,0,2,3,2,4,3,5.7,1,1,0,1,4,1,27,1.4,7.36,50.1,43.6,44.4,34.6,52.1,4.33
0,0,17,9,1,0,0,7,1,3,2,3,7.5,0,0,1,0,3,3,24,4.9,7.6,41.8,60.0,63.7,73.7,63.6,6.09
4,1,23,2,0,4,2,5,7,2,5,4,6.2,0,0,1,1,3,3,31,1.2,4.59,20.0,35.9,40.1,47.5,58.9,4.0
1,1,22,3,1,0,2,1,5,4,0,4,3.7,1,1,0,1,1,4,26,4.7,8.11,61.7,67.4,50.1,61.5,62.1,5.92
4,1,20,3,1,0,2,5,3,4,3,4,4.9,0,1,1,0,5,5,14,0.0,5.67,52.9,66.3,61.5,45.1,54.9,4.61
2,0,21,5,0,4,0,0,6,1,1,3,5.0,0,1,1,0,1,4,9,3.5,4.49,46.4,53.5,66.0,67.8,59.4,5.29
2,0,22,6,1,0,3,3,6,5,3,3,6.7,0,0,0,1,3,2,8,0.6,4.75,46.8,74.8,65.7,20.0,49.7,5.04
2,1,20,0,1,1,2,5,4,1,1,2,6.7,1,0,0,0,4,2,26,0.6,7.58,42.6,42.4,67.4,42.6,74.4,5.19
0,1,20,9,0,0,0,4,2,4,4,4,7.9,0,1,1,1,4,2,12,2.5,4.72,57.9,48.5,48.9,44.7,62.7,5.22
3,0,22,6,0,1,3,0,3,3,2,3,4.3,0,0,1,1,2,4,17,6.0,5.31,48.4,46.3,45.3,86.8,55.8,5.55
7,1,23,6,0,2,4,7,1,4,1,2,7.3,1,1,1,0,1,1,34,2.4,7.43,53.1,61.9,67.6,34.9,53.6,5.27
2,0,20,8,0,4,1,2,6,5,1,3,6.3,1,0,0,0,5,5,29,0.8,5.67,47.7,31.5,55.0,31.9,60.2,4.36
5,1,19,0,1,3,4,7,7,2,0,4,1.9,0,0,1,0,2,1,30,3.9,8.24,67.1,40.3,53.2,53.3,56.4,4.95
7,1,22,6,0,0,3,4,0,2,1,3,2.8,1,1,1,0,3,3,10,1.8,9.83,61.9,44.7,50.5,37.0,66.6,5.54
6,1,22,6,1,3,3,3,7,1,5,4,5.4,0,0,0,1,5,5,18,0.6,6.97,55.1,62.0,47.0,21.1,48.3,4.62
1,0,23,1,0,4,0,0,5,1,5,1,0.7,1,0,0,0,5,3,11,4.5,7.56,59.8,65.3,62.1,66.1,56.3,5.39
4,1,23,5,1,1,1,5,7,5,2,1,6.8,1,1,1,0,2,3,40,5.2,5.76,38.5,65.1,50.9,53.9,56.0,5.1
7,1,18,3,0,3,2,7,5,4,3,3,6.0,0,0,0,1,3,2,35,1.1,9.66,65.6,41.2,46.6,62.6,62.1,5.65
3,0,18,9,1,4,2,6,2,2,3,4,6.6,0,0,0,1,3,5,6,5.0,6.82,56.0,67.9,76.8,74.5,69.9,6.97
6,0,18,9,1,1,2,1,5,4,3,4,3.7,0,0,1,0,1,4,1,5.2,9.2,57.4,61.3,76.1,46.5,73.0,6.73
0,0,23,7,0,2,3,6,3,4,1,3,0.5,0,1,0,1,1,4,31,4.0,5.56,56.8,25.8,50.9,62.4,58.1,4.0
4,0,17,3,1,0,2,5,5,5,0,4,3.1,1,1,0,1,5,4,4,2.8,8.22,30.4,39.3,62.9,50.1,82.6,5.49
6,1,23,8,1,3,3,0,5,3,3,1,5.2,1,0,1,0,5,1,24,1.2,7.07,54.9,69.2,73.6,64.0,62.1,5.52
4,0,17,6,0,0,2,3,0,4,1,3,4.4,0,1,1,0,3,4,9,0.3,5.17,39.9,52.0,50.9,41.7,49.0,4.19
4,1,18,0,0,1,1,4,3,4,5,4,1.2,1,0,1,1,4,3,17,5.2,6.77,56.3,42.6,49.3,54.7,58.1,5.06
6,1,21,6,1,3,2,6,3,5,2,3,5.4,0,0,1,0,2,4,29,4.7,9.27,81.1,30.3,64.6,42.1,52.2,5.89
7,1,19,5,0,3,3,6,3,1,2,4,3.1,0,1,1,0,4,2,13,0.4,7.53,52.2,27.3,74.8,56.3,54.1,4.51
6,0,19,9,0,1,2,1,3,2,3,3,5.4,0,0,1,0,2,2,8,5.6,6.58,79.3,60.4,81.0,47.4,68.2,6.49
5,1,23,6,0,0,0,4,1,5,5,3,6.7,1,1,0,0,1,1,35,0.6,9.32,27.0,47.9,29.1,61.6,55.0,4.69
7,0,20,2,0,4,3,6,2,3,5,4,6.0,0,0,0,1,5,1,23,4.3,6.21,41.7,64.9,46.8,65.3,54.3,5.27
1,1,22,8,0,1,4,0,6,4,2,1,2.9,0,1,0,1,2,1,16,0.3,4.4,54.7,29.2,40.2,51.9,43.4,4.0
0,1,19,7,1,1,2,6,1,3,0,1,1.9,0,0,1,1,2,2,32,2.9,5.35,36.7,42.6,61.0,30.7,48.7,4.0
7,0,20,3,0,1,0,4,3,1,3,2,0.6,0,0,1,0,4,3,34,4.9,6.1,71.6,29.1,47.2,28.2,50.9,4.0
6,0,21,6,0,4,4,1,7,2,3,4,3.0,1,0,0,0,5,2,13,3.2,9.65,62.9,58.1,30.6,48.8,80.5,6.01
3,1,18,9,0,2,3,4,1,2,5,2,2.8,1,1,0,0,2,1,37,4.4,4.61,53.8,45.0,39.9,45.2,54.2,4.0
4,1,18,8,0,2,2,3,4,1,4,3,2.2,1,1,0,0,1,4,28,3.2,8.03,50.4,47.3,71.6,47.9,46.8,4.9
6,0,20,2,1,1,2,3,1,1,3,2,5.0,1,1,0,0,3,2,3,2.5,8.11,86.6,44.4,63.8,56.1,87.9,6.44
4,0,22,6,0,0,0,0,0,3,0,1,3.5,1,0,1,1,1,4,22,5.6,6.41,44.7,40.4,42.4,37.3,63.1,4.68
0,0,20,6,0,0,0,3,4,2,5,3,4.2,1,0,1,1,2,2,1,0.3,7.87,26.8,56.9,42.7,47.1,60.4,4.79
0,0,17,5,1,0,2,3,0,1,2,1,5.8,1,0,1,0,1,3,35,0.2,8.75,53.2,37.0,42.9,55.3,52.2,4.72
5,0,22,6,1,0,4,2,1,1,5,3,3.8,0,1,1,1,4,3,40,5.0,6.59,55.9,54.5,35.5,46.6,36.7,4.18
4,0,20,6,0,0,1,5,2,4,5,2,7.1,1,1,1,1,2,5,24,0.1,5.68,56.7,40.1,56.8,22.0,70.7,4.67
3,1,21,4,0,2,0,1,3,2,3,2,7.6,0,0,1,1,3,4,36,4.4,9.74,57.7,68.0,46.3,50.1,82.7,6.04
4,0,18,4,1,1,1,5,6,1,3,3,7.0,0,0,0,0,2,5,10,2.2,7.98,46.6,39.0,67.3,52.5,78.6,5.8
3,1,21,8,0,1,2,4,2,4,3,3,3.7,0,0,0,0,4,5,1,3.7,6.4,48.3,68.9,51.8,58.6,62.5,5.86
5,0,18,0,0,2,1,7,6,3,2,3,5.0,1,0,0,0,3,1,4,4.2,5.75,36.2,51.8,69.1,57.2,49.3,5.52
2,0,20,3,1,1,2,5,3,3,4,3,6.3,0,0,1,0,4,5,38,2.6,9.61,77.3,51.0,49.4,49.0,58.3,5.35
3,1,20,8,0,0,2,6,0,2,2,2,1.4,0,1,0,1,4,4,26,3.3,7.41,32.9,40.3,46.4,40.9,63.9,4.16
3,0,17,8,0,2,4,2,7,3,0,4,6.1,0,0,0,0,1,3,20,1.6,6.5,61.4,49.9,62.7,63.5,50.9,5.22
7,0,22,5,1,1,0,3,4,4,5,3,5.2,1,1,1,0,4,4,40,5.6,4.92,26.6,47.4,57.0,55.7,64.4,4.41
6,1,21,8,0,3,3,3,3,5,0,1,7.4,0,1,0,0,2,5,23,2.4,7.85,55.6,77.5,78.5,59.3,66.4,6.44
5,0,17,6,0,4,4,7,6,4,2,3,1.0,0,0,1,0,5,2,21,1.2,4.6,57.7,29.8,54.6,63.0,49.5,4.0
6,0,19,7,1,3,2,5,3,5,4,4,0.6,0,0,0,1,3,2,27,3.2,7.94,65.2,56.3,50.2,35.7,51.4,4.53
7,1,20,2,0,2,0,3,4,3,3,4,4.0,1,1,1,1,3,3,29,2.7,5.37,37.6,76.2,51.3,52.4,60.2,4.51
5,1,18,1,1,3,4,3,5,3,4,2,3.1,0,0,1,0,5,3,23,2.8,7.72,45.5,56.3,61.6,61.1,48.7,5.22
6,0,22,6,1,3,2,7,5,4,4,2,6.4,0,1,1,0,2,2,13,4.4,7.93,72.4,56.3,68.2,61.9,77.0,6.85
5,1,19,7,1,1,2,7,3,3,3,3,8.0,1,0,0,0,4,1,7,2.8,5.15,61.6,51.4,73.5,65.8,60.3,5.84
3,1,20,4,1,3,4,1,2,4,3,4,5.8,1,0,0,1,4,2,7,4.5,6.19,63.2,48.5,44.1,52.7,58.0,5.68
0,0,18,2,1,1,2,3,5,1,1,1,3.9,1,1,0,1,2,2,22,4.9,8.52,49.4,48.3,64.6,72.3,68.9,5.8
5,0,21,8,1,3,1,3,6,5,1,4,6.3,1,0,1,1,1,1,29,4.0,5.37,39.1,63.8,65.6,38.1,70.7,5.39
